0.049323,-0.000716582,0.0200254
0.0440901,0.00359398,0.0214082
0.0394118,0.0073128,0.0226767
0.0228546,0.0192415,0.0268727
0.00729328,0.028833,0.0308147
-0.00256554,0.034134,0.0332172
-0.0179552,0.041103,0.0365014
-0.0340391,0.0471697,0.0398724
-0.0529158,0.053001,0.0430899
-0.0634761,0.0556273,0.0446621
-0.0686908,0.0569717,0.0455173
-0.0737789,0.0584941,0.046436
-0.0785734,0.0601801,0.0473824
-0.082491,0.0618151,0.0482711
-0.0864863,0.0638681,0.0494668
-0.0906911,0.0670825,0.0514882
-0.0914343,0.0683363,0.0523142
-0.0913362,0.0695589,0.0531209
-0.0903715,0.0705767,0.05387
-0.0886611,0.0714102,0.0546309
-0.0863183,0.0720147,0.0553973
-0.0828642,0.0723317,0.0563578
-0.0791198,0.0723058,0.057303
-0.0748302,0.0721044,0.0582503
-0.0708477,0.0719063,0.0590829
-0.0657835,0.0716607,0.0601
-0.058599,0.0713733,0.0613284
-0.0522718,0.0711939,0.0622825
-0.0449957,0.0711252,0.0632903
-0.0346609,0.0710987,0.0645764
-0.0214138,0.0710582,0.0659714
-0.00737795,0.0710018,0.067194
0.00837569,0.0708447,0.0681544
0.0224096,0.0706217,0.0687532
0.0407154,0.0701859,0.0693619
0.0600227,0.0694838,0.069868
0.0799601,0.0684668,0.0703892
0.100225,0.0670826,0.0709324
0.118725,0.0655485,0.0713357
0.137161,0.0637992,0.0716615
0.157255,0.0616751,0.07184
0.176943,0.0594877,0.0717863
0.192457,0.0577564,0.071673
0.208802,0.0560628,0.0716903
0.222418,0.0548347,0.0719313
0.236036,0.053846,0.0723743
0.248934,0.0532072,0.0728523
0.258637,0.0530505,0.0731759
0.265791,0.0533103,0.0732854
0.272114,0.0540719,0.0731646
0.276513,0.0551464,0.0729297
0.278548,0.0579971,0.0723204
0.277941,0.0642983,0.0716297
0.276214,0.0702181,0.0726959
0.269386,0.0738887,0.0745694
0.254716,0.0737742,0.0757094
0.239544,0.0711817,0.0755497
0.22512,0.0680754,0.0753993
0.216622,0.0660164,0.0755176
0.210179,0.0644348,0.0755708
0.205642,0.063439,0.0753707
0.202525,0.0628829,0.0748158
0.201219,0.0628523,0.0742206
0.200773,0.0632748,0.0734586
0.201484,0.0641935,0.0726645
0.202832,0.0654108,0.0721586
0.205949,0.0679371,0.0715534
0.210844,0.0715057,0.0705868
0.21563,0.0738359,0.0693981
0.219336,0.0742863,0.0683117
0.220216,0.0740171,0.0679608
0.220839,0.0734793,0.0676043
0.221062,0.072744,0.0673615
0.220928,0.0715993,0.0671501
0.220201,0.0692998,0.0669233
0.219219,0.0667467,0.0668222
0.217483,0.0624784,0.0668059
0.214303,0.0547187,0.0668892
0.210984,0.0466083,0.0669224
0.206984,0.036772,0.0667995
0.202401,0.0253515,0.0664074
0.197401,0.0125937,0.0658419
0.192166,-0.00104134,0.0652063
0.186949,-0.0149551,0.0646674
0.182486,-0.0272109,0.0643264
0.17814,-0.0397263,0.0641527
0.17487,-0.0497983,0.0640702
0.171919,-0.0599429,0.0639249
0.170361,-0.0660649,0.0637156
0.169183,-0.0718349,0.0633209
0.168675,-0.0756202,0.0628503
0.168528,-0.0777971,0.0624764
0.168543,-0.0793757,0.062079
0.168713,-0.0802463,0.0616625
0.168932,-0.0803527,0.0612878
0.169216,-0.0796459,0.060848
0.16964,-0.0773502,0.0601153
0.169871,-0.0738798,0.0594719
0.169993,-0.0690979,0.0589005
0.16999,-0.0638858,0.0582981
0.169671,-0.0586602,0.058124
0.169163,-0.0537476,0.058389
0.168395,-0.0489948,0.0587679
0.167959,-0.0465293,0.058962
0.167726,-0.0451558,0.0590738
0.167191,-0.04223,0.0594144
0.166636,-0.0385986,0.0596809
0.166091,-0.0353281,0.0589379
0.165501,-0.0324594,0.0576795
0.164891,-0.0303932,0.0556412
0.163968,-0.0289061,0.0533122
0.1622,-0.0275694,0.0508075
0.160021,-0.0263261,0.0482836
0.157514,-0.0248111,0.0456895
0.154688,-0.0225418,0.043077
0.151746,-0.0198773,0.0404074
0.148603,-0.0168879,0.0381037
0.145566,-0.0139584,0.0359186
0.142263,-0.0106845,0.0338909
0.139037,-0.00709162,0.0318563
0.136196,-0.00340481,0.0300394
0.132993,0.00119759,0.027946
0.129916,0.00607598,0.0257316
0.126995,0.0101356,0.023642
0.123379,0.0136291,0.0212988
0.119519,0.0164806,0.0191368
0.115516,0.018946,0.0168195
0.111077,0.0214337,0.0145351
0.106451,0.0234974,0.012423
0.101619,0.0249693,0.0107579
0.0967726,0.0259142,0.00948683
0.0915117,0.0268774,0.00849754
0.0863134,0.0278199,0.0081244
0.0807635,0.0286748,0.00768913
0.0767686,0.0295444,0.00776351
0.0723456,0.0306368,0.00815841
0.0680852,0.031547,0.00860086
0.0643796,0.0324978,0.00958103
0.0611867,0.0333446,0.0107446
0.0585092,0.0339462,0.0118575
0.0555478,0.0346208,0.013274
0.0532068,0.0350748,0.0146498
0.0506841,0.0352506,0.0163527
0.0483676,0.0349553,0.0178244
0.0459318,0.0341158,0.0191411
0.0432386,0.0322386,0.0203668
0.0417017,0.0304973,0.0210651
0.0408274,0.0294931,0.0213498
0.0397991,0.0283888,0.0215844
0.0385304,0.0270548,0.0217229
0.0368577,0.0253424,0.0217549
0.0344739,0.0227776,0.0217095
0.031728,0.0196103,0.0216581
0.0279854,0.0149686,0.0215731
0.0238188,0.00945465,0.0215105
0.0188793,0.00252578,0.0214575
0.0138027,-0.00501975,0.0213951
0.00743682,-0.0149135,0.0212385
0.00111417,-0.0251347,0.0209769
-0.00568725,-0.0364548,0.0205571
-0.012851,-0.0487226,0.0200474
-0.0194649,-0.0602911,0.0195702
-0.0288012,-0.0769664,0.0189637
-0.0391436,-0.0958093,0.0183662
-0.0574829,-0.129928,0.0175073
-0.0746664,-0.163174,0.016947
-0.0839424,-0.181487,0.0166689
-0.0930229,-0.199617,0.0164405
-0.100313,-0.214235,0.0163266
-0.108233,-0.230134,0.016256
-0.115942,-0.245475,0.01627
-0.122709,-0.258537,0.016413
-0.132266,-0.275626,0.0169273
-0.139523,-0.286854,0.0175319
-0.147479,-0.296977,0.0183189
-0.155475,-0.304648,0.0190375
-0.162032,-0.309181,0.0195522
-0.168565,-0.31231,0.0200229
-0.175621,-0.314388,0.0206159
-0.181077,-0.315201,0.0211827
-0.188875,-0.315312,0.0220997
-0.195679,-0.314567,0.0230031
-0.203621,-0.312908,0.0241226
-0.20941,-0.311382,0.0249598
-0.216557,-0.309282,0.025976
-0.224737,-0.306708,0.0270848
-0.235328,-0.303269,0.0282715
-0.247836,-0.299192,0.0292397
-0.262225,-0.294513,0.0299322
-0.276788,-0.289839,0.0303961
-0.292571,-0.284846,0.030811
-0.309343,-0.279676,0.0312296
-0.325087,-0.274943,0.0316223
-0.341292,-0.270181,0.0320109
-0.359525,-0.264919,0.0324821
-0.377674,-0.259796,0.0329493
-0.395325,-0.254921,0.0334803
-0.412073,-0.250396,0.0341261
-0.430433,-0.245557,0.0350152
-0.443915,-0.242179,0.035755
-0.455553,-0.239416,0.0364121
-0.465304,-0.237259,0.0369393
-0.479427,-0.234594,0.0377761
-0.483738,-0.234008,0.0381491
-0.487719,-0.233732,0.0386084
-0.489542,-0.233884,0.0389853
-0.488716,-0.235643,0.0400019
-0.486488,-0.236836,0.0404632
-0.482928,-0.238409,0.0408739
-0.47838,-0.24016,0.0411116
-0.471987,-0.242459,0.0412221
-0.459532,-0.246649,0.0415322
-0.453438,-0.248644,0.0416844
-0.447899,-0.250458,0.0417991
-0.440152,-0.253056,0.0419945
-0.432306,-0.255797,0.042305
-0.425116,-0.258434,0.0425799
-0.415217,-0.262346,0.0427475
-0.404024,-0.26728,0.0426317
-0.39412,-0.272242,0.0423289
-0.38247,-0.278908,0.0418553
-0.370367,-0.286931,0.0413197
-0.355526,-0.298538,0.0405788
-0.344391,-0.308673,0.0399606
-0.330927,-0.322675,0.0390227
-0.317696,-0.338204,0.0378215
-0.307078,-0.351754,0.0367136
-0.296649,-0.365774,0.0355297
-0.283928,-0.383049,0.0341366
-0.271077,-0.399882,0.032869
-0.258009,-0.415742,0.0316629
-0.24844,-0.426458,0.0307817
-0.236576,-0.438791,0.02965
-0.225091,-0.449861,0.0284994
-0.215596,-0.458537,0.0275219
-0.211172,-0.463438,0.0256918
-0.215926,-0.462475,0.0239848
-0.224712,-0.459708,0.0234687
-0.235098,-0.45616,0.0258149
-0.244996,-0.452842,0.0316635
-0.257391,-0.449973,0.0397161
-0.265308,-0.449644,0.041765
-0.272589,-0.451219,0.040583
-0.278704,-0.454528,0.0380175
-0.285146,-0.460529,0.0348275
-0.290835,-0.468042,0.0324266
-0.297224,-0.478573,0.0303247
-0.303833,-0.491053,0.0284728
-0.313633,-0.506756,0.0258581
-0.326624,-0.526847,0.0220771
-0.33898,-0.548649,0.0190187
-0.349329,-0.570205,0.0181108
-0.358468,-0.591805,0.0185141
-0.365665,-0.610027,0.0189245
-0.37331,-0.629714,0.0185396
-0.380589,-0.647207,0.0167297
-0.386982,-0.65953,0.0140722
-0.392158,-0.666954,0.011736
-0.397525,-0.672621,0.0092534
-0.401895,-0.675841,0.0073048
-0.406124,-0.677877,0.0053657
-0.410255,-0.678885,0.00310481
-0.412958,-0.67903,0.00112979
-0.415168,-0.678865,-0.000894974
-0.417196,-0.678519,-0.00316858
-0.418938,-0.678201,-0.00543851
-0.420362,-0.678106,-0.00751939
-0.421992,-0.678432,-0.010016
-0.423592,-0.679423,-0.0122636
-0.425242,-0.681158,-0.0142558
-0.427446,-0.684235,-0.0163974
-0.430103,-0.688782,-0.0184595
-0.433399,-0.695061,-0.0204435
-0.436329,-0.700824,-0.0218414
-0.4406,-0.709486,-0.0236117
-0.445512,-0.719757,-0.0254652
-0.452136,-0.733916,-0.027782
-0.458242,-0.74693,-0.0297162
-0.466719,-0.765123,-0.0321309
-0.474038,-0.781606,-0.0341662
-0.481284,-0.799609,-0.0365011
-0.488207,-0.816554,-0.0383884
-0.495417,-0.83417,-0.0399294
-0.503109,-0.852376,-0.0414958
-0.512006,-0.872416,-0.0430651
-0.517269,-0.888201,-0.0449335
-0.518939,-0.900683,-0.0469971
-0.519229,-0.917664,-0.0494974
-0.520456,-0.92877,-0.0499812
-0.523026,-0.940538,-0.0499385
-0.526307,-0.950536,-0.0499651
-0.530765,-0.96084,-0.0504219
-0.536222,-0.970906,-0.0513942
-0.542376,-0.980003,-0.0526456
-0.547395,-0.986029,-0.0537159
-0.551742,-0.990357,-0.0546646
-0.556305,-0.994171,-0.0557015
-0.560598,-0.997327,-0.0569663
-0.56338,-0.9993,-0.0581765
-0.566257,-1.00188,-0.0595815
-0.568236,-1.00527,-0.06074
-0.57059,-1.01061,-0.0617821
-0.572883,-1.01595,-0.0623499
-0.575706,-1.02255,-0.0628637
-0.579541,-1.03236,-0.063537
-0.583118,-1.04195,-0.0643115
-0.588062,-1.05554,-0.0657262
-0.592217,-1.06794,-0.0670459
-0.597782,-1.08622,-0.0688458
-0.601864,-1.10064,-0.0698836
-0.608179,-1.12332,-0.0708702
-0.61252,-1.14014,-0.0713266
-0.616198,-1.15524,-0.0713264
-0.618804,-1.16677,-0.0712817
-0.62091,-1.17587,-0.071437
-0.622358,-1.18245,-0.0718004
-0.622868,-1.18739,-0.0723184
-0.622717,-1.18899,-0.0725482
-0.622519,-1.18897,-0.0723511
-0.622068,-1.18756,-0.0716602
-0.621192,-1.18529,-0.0707216
-0.619694,-1.18208,-0.0698666
-0.618067,-1.17943,-0.0692823
-0.615998,-1.17854,-0.0692102
-0.612602,-1.17883,-0.0695286
-0.609687,-1.17921,-0.0694977
-0.60575,-1.17977,-0.0688515
-0.60121,-1.18043,-0.0677366
-0.595828,-1.18131,-0.066494
-0.58864,-1.18271,-0.0654564
-0.580785,-1.1845,-0.0650388
-0.572643,-1.18658,-0.0651017
-0.562467,-1.18941,-0.065526
-0.548746,-1.1934,-0.0662964
-0.536327,-1.19718,-0.0670332
-0.52332,-1.20129,-0.0678662
-0.507087,-1.20647,-0.0689612
-0.492699,-1.21128,-0.0701215
-0.484985,-1.21537,-0.0714501
-0.482641,-1.2191,-0.0716905
-0.482831,-1.22209,-0.0681733
-0.480616,-1.22536,-0.0612384
-0.475755,-1.2289,-0.0544983
-0.471993,-1.23182,-0.0515174
-0.469584,-1.23426,-0.0519695
-0.468347,-1.23601,-0.0537935
-0.46777,-1.23757,-0.0555347
-0.467795,-1.23928,-0.0568264
-0.468543,-1.24097,-0.05765
-0.470049,-1.24255,-0.0587107
-0.472326,-1.24404,-0.0605516
-0.473999,-1.24492,-0.0622986
-0.476086,-1.24581,-0.0648868
-0.477708,-1.24633,-0.0673261
-0.478853,-1.24642,-0.0695705
-0.479466,-1.24609,-0.0711148
-0.480049,-1.24537,-0.0725057
-0.480725,-1.24424,-0.0736932
-0.481612,-1.24288,-0.0747742
-0.482689,-1.24159,-0.0757162
-0.483723,-1.24084,-0.0763141
-0.48499,-1.24061,-0.0768114
-0.48651,-1.24139,-0.077167
-0.487762,-1.24286,-0.0772887
-0.489392,-1.24558,-0.0773118
-0.491497,-1.25002,-0.0772669
-0.494221,-1.25662,-0.0772334
-0.496796,-1.26322,-0.0772568
-0.500373,-1.27246,-0.0773533
-0.504261,-1.28257,-0.077415
-0.507605,-1.29099,-0.0773567
-0.511733,-1.3008,-0.077002
-0.515434,-1.30873,-0.0763639
-0.519118,-1.31517,-0.0755394
-0.522871,-1.31981,-0.074579
-0.528121,-1.32303,-0.0732104
-0.533744,-1.32309,-0.0718258
-0.538924,-1.32137,-0.0706052
-0.546022,-1.3178,-0.0690845
-0.554763,-1.31255,-0.0673975
-0.565225,-1.30578,-0.0656674
-0.578659,-1.29671,-0.0638126
-0.593856,-1.2861,-0.0619048
-0.607448,-1.27637,-0.0602219
-0.623472,-1.26446,-0.0580811
-0.64062,-1.24974,-0.05539
-0.644295,-1.24114,-0.0564336
-0.634071,-1.24246,-0.0610689
-0.624747,-1.24182,-0.0614618
-0.617171,-1.23989,-0.059375
-0.609107,-1.23563,-0.0560947
-0.6035,-1.2303,-0.0545908
-0.597986,-1.22246,-0.0546004
-0.592091,-1.21177,-0.0563046
-0.585898,-1.19936,-0.0580555
-0.580017,-1.18613,-0.0588615
-0.572965,-1.16842,-0.0585915
-0.564298,-1.1501,-0.0597691
-0.552537,-1.13074,-0.0628457
-0.544382,-1.11687,-0.0646827
-0.53736,-1.10272,-0.0653259
-0.531545,-1.0874,-0.0648231
-0.52588,-1.06856,-0.0641272
-0.519681,-1.04434,-0.0636659
-0.514871,-1.0259,-0.0640709
-0.51016,-1.00911,-0.0650968
-0.504725,-0.98953,-0.0664712
-0.498442,-0.96712,-0.067955
-0.492,-0.944221,-0.0690631
-0.485091,-0.918771,-0.0697467
-0.478489,-0.893636,-0.0701974
-0.466092,-0.847821,-0.0712229
-0.454168,-0.806073,-0.0722999
-0.448943,-0.78784,-0.0726766
-0.442856,-0.76606,-0.0729967
-0.437462,-0.746632,-0.0731433
-0.433249,-0.731374,-0.0731194
-0.428531,-0.714481,-0.0729235
-0.423223,-0.696022,-0.0725343
-0.417767,-0.677842,-0.0720342
-0.412703,-0.661693,-0.0715044
-0.407509,-0.645765,-0.0709201
-0.400905,-0.626561,-0.0701892
-0.395252,-0.611092,-0.0696351
-0.387906,-0.592499,-0.0689784
-0.379937,-0.57436,-0.0683439
-0.373696,-0.561621,-0.0679025
-0.366271,-0.547898,-0.0674473
-0.356566,-0.532346,-0.0669339
-0.347143,-0.519578,-0.0664015
-0.337057,-0.508292,-0.0658301
-0.328471,-0.50039,-0.0653876
-0.317026,-0.491907,-0.0649678
-0.299655,-0.48271,-0.0648038
-0.289172,-0.478032,-0.0651445
-0.277236,-0.474192,-0.0653301
-0.267134,-0.472691,-0.064513
-0.255117,-0.472885,-0.0628496
-0.246302,-0.474879,-0.0609459
-0.238294,-0.478197,-0.0593881
-0.230538,-0.48335,-0.0579666
-0.224247,-0.48712,-0.0559053
-0.217914,-0.490961,-0.0520615
-0.212031,-0.492955,-0.0479015
-0.207559,-0.492695,-0.0443097
-0.203417,-0.491527,-0.0415941
-0.199557,-0.489591,-0.039399
-0.193776,-0.4892,-0.0375627
-0.187895,-0.490586,-0.0369276
-0.180954,-0.491581,-0.0377242
-0.172779,-0.492862,-0.0408796
-0.166559,-0.493498,-0.0436511
-0.16009,-0.493596,-0.0491083
-0.156587,-0.492938,-0.0522649
-0.153703,-0.489277,-0.056951
-0.153478,-0.487824,-0.0568914
-0.15336,-0.486789,-0.0560687
-0.151644,-0.488659,-0.0547323
-0.150798,-0.489764,-0.0534126
-0.149727,-0.490813,-0.0515759
-0.148468,-0.491544,-0.050441
-0.146799,-0.491729,-0.0515513
-0.144516,-0.491398,-0.0552962
-0.141152,-0.490529,-0.0603839
-0.137393,-0.489392,-0.0651158
-0.129994,-0.488358,-0.0720344
-0.122567,-0.487922,-0.075448
-0.114826,-0.487912,-0.0768601
-0.104429,-0.489026,-0.0778927
-0.0929595,-0.490698,-0.0828871
-0.0802863,-0.494643,-0.0911152
-0.0667842,-0.500875,-0.100534
-0.0529394,-0.506856,-0.110427
-0.0393548,-0.515014,-0.115285
-0.0273744,-0.525034,-0.115068
-0.0177818,-0.533031,-0.113124
-0.00971019,-0.541013,-0.10858
-0.00216695,-0.547443,-0.104304
0.00136485,-0.554824,-0.100579
0.00320658,-0.564183,-0.0956971
0.00475474,-0.570931,-0.0934641
0.00715,-0.576363,-0.0930218
0.0117455,-0.581079,-0.0959374
0.0133946,-0.585847,-0.0958891
0.0154268,-0.590361,-0.0953454
0.0210217,-0.588476,-0.0990827
0.0244478,-0.587936,-0.0999947
0.0260044,-0.587489,-0.0977604
0.0252406,-0.5853,-0.0924441
0.0238924,-0.581231,-0.0849693
0.0246379,-0.577034,-0.0787633
0.0282116,-0.569656,-0.0715175
0.0348133,-0.562164,-0.0663262
0.0438443,-0.552866,-0.0629152
0.0546588,-0.54143,-0.0616071
0.0697244,-0.525061,-0.0620825
0.0818752,-0.511078,-0.0633147
0.0954812,-0.494192,-0.0651808
0.107188,-0.478114,-0.0669956
0.11919,-0.459678,-0.0690015
0.12979,-0.441021,-0.0709923
0.138832,-0.422309,-0.0729409
0.146304,-0.403617,-0.0748086
0.152369,-0.385091,-0.0765896
0.157635,-0.365123,-0.0785119
0.1614,-0.347637,-0.0801713
0.164344,-0.331075,-0.0816214
0.166952,-0.314218,-0.0829205
0.169039,-0.300269,-0.0838479
0.17093,-0.288864,-0.0845367
0.173566,-0.276302,-0.08518
0.176876,-0.265095,-0.0855089
0.181265,-0.255149,-0.0855791
0.187096,-0.2463,-0.0854852
0.193155,-0.239731,-0.0853136
0.20136,-0.233004,-0.0851527
0.209016,-0.227958,-0.0851228
0.218751,-0.222538,-0.0853198
0.233559,-0.215587,-0.0859053
0.24728,-0.209883,-0.0866068
0.262035,-0.20413,-0.0874162
0.274364,-0.199394,-0.0880982
0.291953,-0.192611,-0.0890008
0.305037,-0.187455,-0.0895616
0.319905,-0.181375,-0.0900906
0.33655,-0.174193,-0.0906017
0.354967,-0.165821,-0.0909846
0.37346,-0.156941,-0.0911478
0.38863,-0.149282,-0.091139
0.405595,-0.140297,-0.0908956
0.422726,-0.130763,-0.0903971
0.438359,-0.1217,-0.0897306
0.453992,-0.112104,-0.0888693
0.464011,-0.103092,-0.0883593
0.465959,-0.0908891,-0.0868211
0.463829,-0.0775832,-0.0849134
0.465112,-0.0610024,-0.0802906
0.471097,-0.0425924,-0.0742698
0.480683,-0.0242232,-0.0667295
0.493206,-0.00455251,-0.0578194
0.487795,-0.0143423,-0.0607035
0.48142,-0.0222431,-0.0641301
0.472165,-0.0291962,-0.0647484
0.463924,-0.0335767,-0.0602838
0.454564,-0.0364477,-0.0540342
0.441253,-0.037387,-0.0449519
0.434068,-0.0365209,-0.04105
0.424147,-0.0338963,-0.0383847
0.418272,-0.0313764,-0.0389862
0.411381,-0.0273325,-0.0428284
0.406675,-0.0241049,-0.0469673
0.401827,-0.0207054,-0.0500738
0.393613,-0.016357,-0.0509738
0.384769,-0.0135306,-0.0494482
0.375539,-0.0109594,-0.046734
0.367819,-0.00862343,-0.0442451
0.358815,-0.00594818,-0.0421739
0.35072,-0.0039517,-0.0416123
0.34328,-0.0025844,-0.0419389
0.335552,-0.00161612,-0.0426343
0.326555,-0.00103992,-0.0434471
0.319042,-0.000929183,-0.0439606
0.310309,-0.00107646,-0.0443353
0.300542,-0.00141049,-0.0445025
0.292019,-0.00168868,-0.0444239
0.284055,-0.00173548,-0.0440944
0.275536,-0.00124387,-0.0433984
0.269266,-4.65866e-05,-0.0426747
0.265001,0.00176895,-0.0421391
0.261543,0.00491219,-0.0416972
0.259922,0.00895708,-0.0414312
0.259674,0.0123951,-0.0412813
0.260305,0.0171579,-0.0410533
0.261624,0.0217889,-0.0408117
0.263715,0.0272455,-0.0404826
0.265739,0.0325769,-0.0400651
0.264908,0.0364699,-0.0398288
0.259907,0.0383891,-0.0392203
0.251268,0.0388978,-0.036269
0.244307,0.0390628,-0.0307148
0.238069,0.0395179,-0.0219338
0.232876,0.0404454,-0.0120832
0.228802,0.0416129,-0.00481978
0.224871,0.0427469,-0.000600173
0.221516,0.0436717,0.00152788
0.218007,0.0444999,0.00392738
0.215576,0.0448402,0.00638452
0.214924,0.0451684,0.00858397
0.216357,0.0456978,0.00950026
0.219355,0.0463901,0.00882868
0.225029,0.0477348,0.00566471
0.230343,0.0492405,0.00246915
0.236157,0.0512271,-0.000621628
0.240978,0.0531575,-0.00280516
0.246823,0.0567793,-0.00550633
0.246427,0.06402,-0.00845488
0.240834,0.074513,-0.0122313
0.237477,0.0791338,-0.0147693
0.235189,0.0814695,-0.016042
0.235482,0.0788976,-0.015298
0.23726,0.0715835,-0.0149601
0.240019,0.0598233,-0.0168806
0.243273,0.0487957,-0.0206148
0.249209,0.0400213,-0.0247532
0.256406,0.0355808,-0.0285593
0.266176,0.033713,-0.0340536
0.269941,0.0365186,-0.0377927
0.280668,0.0241816,-0.0481874
0.29895,0.00743234,-0.0591308
0.322673,-0.0116486,-0.0724314
0.346169,-0.0257157,-0.0803557
0.363601,-0.0418113,-0.0842274
0.378683,-0.0714768,-0.0843176
0.392615,-0.098729,-0.08086
0.407365,-0.123655,-0.0751606
0.421564,-0.143386,-0.0661375
0.43202,-0.155182,-0.057846
0.441734,-0.163876,-0.0503177
0.446025,-0.167224,-0.0472409
0.4454,-0.167415,-0.0460884
0.441011,-0.165833,-0.0451081
0.433471,-0.163014,-0.0437903
0.423502,-0.159326,-0.0421543
0.410742,-0.154635,-0.0401441
0.398475,-0.150051,-0.0381944
0.389959,-0.146744,-0.0367285
0.379549,-0.142462,-0.0347433
0.369146,-0.137639,-0.0324743
0.350821,-0.125942,-0.0274341
0.345292,-0.120161,-0.0253875
0.34247,-0.115921,-0.0239222
0.339978,-0.110156,-0.0218529
0.33903,-0.105727,-0.0200868
0.338886,-0.102261,-0.018403
0.339343,-0.0991652,-0.016301
0.340134,-0.0975461,-0.0145041
0.341188,-0.0969903,-0.0126201
0.342438,-0.0976766,-0.0105499
0.343667,-0.0995448,-0.0085769
0.346977,-0.108586,-0.00430571
0.348524,-0.114033,-0.00287921
0.350968,-0.123824,-0.00116274
0.353326,-0.134326,5.73914e-05
0.355729,-0.145965,0.00105034
0.357861,-0.157183,0.00181481
0.359736,-0.167634,0.00241688
0.362007,-0.180647,0.00306189
0.364529,-0.195011,0.0037209
0.366711,-0.207047,0.00426625
0.36895,-0.219016,0.00485389
0.371546,-0.232067,0.0054803
0.374015,-0.2436,0.00602926
0.376529,-0.254484,0.00662753
0.378836,-0.263407,0.0073073
0.381631,-0.272785,0.0083363
0.384366,-0.280103,0.00949471
0.386472,-0.284389,0.0104797
0.388777,-0.287538,0.0116813
0.390866,-0.28856,0.0129207
0.392772,-0.287773,0.0143577
0.394382,-0.285815,0.0158225
0.395864,-0.282997,0.0173986
0.397236,-0.27959,0.0191399
0.398569,-0.275763,0.0210452
0.399732,-0.272048,0.0229461
0.400783,-0.268619,0.0247185
0.402064,-0.264667,0.0265988
0.404014,-0.259293,0.0284958
0.40566,-0.255223,0.0294123
0.407497,-0.251201,0.0299835
0.409532,-0.247248,0.0303228
0.411998,-0.242966,0.0305941
0.41525,-0.237988,0.0308086
0.418516,-0.233625,0.0309325
0.421813,-0.229874,0.0310968
0.425913,-0.226125,0.031344
0.430673,-0.222898,0.0316454
0.435809,-0.220583,0.0319651
0.44124,-0.219078,0.0322981
0.448374,-0.218104,0.0327765
0.456892,-0.217907,0.0333258
0.470268,-0.218768,0.0340199
0.482529,-0.220233,0.0343995
0.498087,-0.222459,0.0344956
0.517414,-0.225432,0.0342709
0.535152,-0.2282,0.0339108
0.5541,-0.231112,0.0334584
0.574059,-0.234076,0.0330165
0.598987,-0.237573,0.0325915
0.618146,-0.240127,0.0323948
0.639699,-0.24283,0.0322458
0.66132,-0.245453,0.0321577
0.709208,-0.251149,0.0320338
0.726616,-0.253287,0.0320775
0.746033,-0.255805,0.0321886
0.769629,-0.259103,0.0323761
0.790986,-0.26252,0.0326049
0.814347,-0.266991,0.03287
0.835412,-0.271975,0.0331462
0.856273,-0.278038,0.0334634
0.878964,-0.286209,0.0338637
0.899372,-0.295218,0.0342561
0.919556,-0.305857,0.0345186
0.939533,-0.318113,0.0345465
0.961368,-0.333355,0.0343005
0.983151,-0.350077,0.0338329
1.00506,-0.367798,0.033342
1.02518,-0.384337,0.0329877
1.0456,-0.40089,0.0326998
1.06847,-0.418789,0.0323335
1.0897,-0.434585,0.0320038
1.11134,-0.449798,0.0317067
1.13342,-0.464223,0.0314174
1.1537,-0.47636,0.0311943
1.18595,-0.49342,0.0308591
1.21183,-0.505276,0.0305173
1.23804,-0.515933,0.0300919
1.25951,-0.523962,0.0297318
1.28317,-0.532321,0.0294051
1.30631,-0.540354,0.029195
1.3285,-0.548307,0.029198
1.35131,-0.557317,0.0295002
1.36827,-0.565125,0.0299749
1.38807,-0.576486,0.0308221
1.40308,-0.588091,0.031573
1.41507,-0.600856,0.0321188
1.42277,-0.61209,0.0324044
1.43055,-0.628018,0.032723
1.43529,-0.641926,0.032972
1.43874,-0.656255,0.0333022
1.44168,-0.673929,0.0337168
1.44373,-0.690422,0.0341059
1.44534,-0.70542,0.0344518
1.44668,-0.717216,0.034737
1.44863,-0.731443,0.0351019
1.45084,-0.74351,0.0354711
1.45364,-0.754738,0.035842
1.45761,-0.766136,0.0362206
1.46301,-0.777335,0.0364978
1.46821,-0.785631,0.0366407
1.47479,-0.794213,0.0367671
1.48204,-0.802476,0.0369087
1.49057,-0.811731,0.037063
1.49776,-0.819809,0.037162
1.50641,-0.830687,0.0373321
1.51371,-0.841738,0.0374733
1.52018,-0.853872,0.0375454
1.52718,-0.871078,0.037443
1.53228,-0.887887,0.037104
1.53505,-0.899224,0.0368403
1.538,-0.913181,0.0365997
1.54043,-0.925127,0.0365279
1.5428,-0.936151,0.0365834
1.54594,-0.947996,0.0367111
1.55323,-0.964583,0.0366386
1.55692,-0.969409,0.0364255
1.56238,-0.974034,0.0360223
1.56786,-0.97676,0.0355345
1.5726,-0.978161,0.0350796
1.57858,-0.979098,0.034473
1.5841,-0.979404,0.0339025
1.59022,-0.979369,0.0332672
1.59637,-0.979156,0.0325543
1.61076,-0.977688,0.030803
1.62673,-0.974858,0.0288318
1.63769,-0.972658,0.0274023
1.65248,-0.969606,0.0252816
1.66511,-0.966814,0.023181
1.67558,-0.964557,0.0212338
1.68197,-0.963491,0.0198945
1.69085,-0.962548,0.0180663
1.69902,-0.961756,0.0167483
1.70667,-0.961214,0.0156584
1.71327,-0.961012,0.0147013
1.72003,-0.961272,0.0140962
1.72515,-0.961694,0.0142377
1.72991,-0.962166,0.0143862
1.73459,-0.962926,0.0144942
1.73598,-0.963184,0.0146286
1.7371,-0.963579,0.0147357
1.73844,-0.964289,0.0148194
1.73997,-0.965325,0.0148922
1.74139,-0.966505,0.0149622
1.74339,-0.968547,0.0150337
1.74541,-0.971093,0.0150907
1.74781,-0.974935,0.0151167
1.7505,-0.980559,0.0150552
1.75282,-0.987159,0.0149636
1.75506,-0.996219,0.0148294
1.75674,-1.00608,0.014582
1.75813,-1.01858,0.014016
1.75897,-1.03256,0.0131099
1.75942,-1.04755,0.011951
1.75961,-1.06292,0.0107562
1.75976,-1.07662,0.00977558
1.75995,-1.08827,0.00903596
1.76023,-1.09779,0.00847036
1.7609,-1.10921,0.00775255
1.76188,-1.1185,0.00701885
1.76311,-1.12616,0.00613745
1.7638,-1.12994,0.00552007
1.7632,-1.13165,0.00422987
1.75958,-1.12786,0.00242869
1.75026,-1.11598,2.32889e-05
1.73872,-1.10232,-0.000988228
1.72822,-1.09183,-0.000661979
1.71615,-1.0818,0.000139541
1.70723,-1.07556,0.000398655
1.69712,-1.06957,0.000113802
1.68339,-1.06289,-0.00117507
1.67056,-1.05761,-0.00280224
1.65874,-1.05335,-0.00425198
1.64446,-1.04865,-0.00572313
1.63276,-1.04501,-0.00682251
1.62154,-1.04173,-0.00784357
1.61109,-1.03882,-0.0087684
1.60263,-1.03666,-0.00955134
1.59532,-1.03503,-0.0102358
1.58873,-1.03397,-0.010896
1.58382,-1.03373,-0.0115928
1.58025,-1.0344,-0.0124842
1.57833,-1.03608,-0.0134853
1.57774,-1.03865,-0.014436
1.57785,-1.04227,-0.0153763
1.57831,-1.0465,-0.0162291
1.57899,-1.05238,-0.0171854
1.57969,-1.06033,-0.0182373
1.58011,-1.06992,-0.0193779
1.58013,-1.08237,-0.0208438
1.57961,-1.0955,-0.0224915
1.57567,-1.14146,-0.0281922
1.5738,-1.15782,-0.0301041
1.57174,-1.17499,-0.0322317
1.56652,-1.19488,-0.0353755
1.55824,-1.21659,-0.039082
1.55098,-1.23731,-0.0411882
1.54507,-1.25651,-0.0423442
1.53916,-1.27797,-0.0437472
1.53333,-1.3011,-0.0460304
1.52726,-1.32227,-0.0491528
1.51994,-1.34551,-0.0531721
1.51361,-1.36613,-0.0564243
1.50783,-1.38586,-0.0588323
1.50283,-1.40394,-0.0604187
1.49852,-1.4198,-0.0615489
1.49522,-1.43186,-0.0625383
1.4917,-1.4446,-0.0637066
1.48926,-1.45301,-0.0638104
1.48744,-1.45906,-0.0632301
1.48627,-1.46333,-0.0627566
1.48553,-1.46761,-0.0627631
1.48532,-1.47128,-0.0633808
1.48549,-1.47613,-0.0645476
1.48603,-1.48136,-0.0658743
1.48685,-1.48684,-0.0670436
1.48761,-1.4915,-0.0679017
1.48843,-1.49687,-0.0688143
1.48933,-1.50363,-0.0699353
1.48705,-1.50528,-0.070619
1.48488,-1.5072,-0.0708656
1.48193,-1.51075,-0.0712034
1.4791,-1.51537,-0.0720902
1.47655,-1.52062,-0.0734734
1.47351,-1.5282,-0.075777
1.47134,-1.53428,-0.0776876
1.46866,-1.54247,-0.0801501
1.4657,-1.55218,-0.0827668
1.46252,-1.56248,-0.0849787
1.4594,-1.5718,-0.0866557
1.45605,-1.57998,-0.0884895
1.45248,-1.58819,-0.0900597
1.449,-1.59649,-0.0911543
1.44433,-1.60775,-0.0923061
1.43913,-1.62042,-0.0939097
1.43358,-1.63421,-0.0960947
1.42895,-1.64596,-0.098113
1.42321,-1.65982,-0.100404
1.41813,-1.67154,-0.102019
1.41387,-1.68103,-0.103131
1.40994,-1.68936,-0.104026
1.40615,-1.69711,-0.10498
1.40359,-1.7022,-0.105897
1.40117,-1.70747,-0.107133
1.39924,-1.71217,-0.1086
1.39829,-1.71482,-0.109747
1.39763,-1.71657,-0.110889
1.3974,-1.71734,-0.111802
1.39751,-1.71769,-0.112933
1.39792,-1.71759,-0.113811
1.39842,-1.71738,-0.114609
1.39927,-1.71695,-0.115742
1.40008,-1.71648,-0.116817
1.40144,-1.71525,-0.118731
1.40168,-1.71476,-0.119463
1.40175,-1.71432,-0.120081
1.40168,-1.71382,-0.12065
1.40159,-1.71311,-0.121161
1.40155,-1.71207,-0.121473
1.40166,-1.71069,-0.121566
1.40208,-1.70848,-0.121509
1.40317,-1.70437,-0.121243
1.40478,-1.69951,-0.120991
1.41182,-1.68098,-0.120851
1.41758,-1.66718,-0.120879
1.42393,-1.65276,-0.120977
1.43143,-1.63439,-0.121103
1.4395,-1.61371,-0.1219
1.44781,-1.59138,-0.122669
1.45623,-1.56828,-0.122758
1.46334,-1.54957,-0.122613
1.47237,-1.52772,-0.122178
1.48069,-1.5089,-0.121814
1.48981,-1.48928,-0.121678
1.49154,-1.47465,-0.121312
1.4937,-1.45775,-0.120413
1.49568,-1.44478,-0.11959
1.49859,-1.42898,-0.118859
1.50212,-1.4128,-0.118913
1.50627,-1.39618,-0.119737
1.51099,-1.37911,-0.120917
1.51572,-1.36297,-0.122045
1.51927,-1.3511,-0.122799
1.52191,-1.34046,-0.123595
1.5244,-1.32721,-0.124521
1.52714,-1.31389,-0.124287
1.52996,-1.30244,-0.123388
1.53301,-1.29169,-0.122671
1.53704,-1.27893,-0.122413
1.54299,-1.26108,-0.123133
1.54779,-1.24589,-0.124112
1.55324,-1.22858,-0.124945
1.55955,-1.20916,-0.125306
1.56465,-1.19277,-0.125301
1.57079,-1.17282,-0.12524
1.57799,-1.14954,-0.125447
1.58248,-1.13484,-0.12563
1.58731,-1.11918,-0.125777
1.59181,-1.10464,-0.125735
1.59667,-1.08918,-0.125387
1.60024,-1.07813,-0.124968
1.60308,-1.06966,-0.124582
1.60564,-1.06251,-0.124263
1.60797,-1.05652,-0.124005
1.60987,-1.05197,-0.12375
1.61208,-1.04694,-0.123335
1.61641,-1.03773,-0.122123
1.61863,-1.03329,-0.121459
1.62084,-1.02912,-0.120777
1.62298,-1.02541,-0.120004
1.62703,-1.01961,-0.118143
1.62917,-1.01757,-0.117078
1.63131,-1.01642,-0.116021
1.63298,-1.01615,-0.115137
1.6344,-1.01628,-0.114445
1.63625,-1.01676,-0.113634
1.63929,-1.01786,-0.112491
1.64317,-1.01942,-0.111246
1.64818,-1.0214,-0.10993
1.65394,-1.02358,-0.108544
1.65951,-1.02558,-0.107305
1.6688,-1.02875,-0.105483
1.69093,-1.0355,-0.102207
1.70317,-1.03897,-0.101017
1.71824,-1.04315,-0.0999238
1.73297,-1.04718,-0.0991024
1.75216,-1.05235,-0.0981957
1.77051,-1.05722,-0.0974449
1.79143,-1.0627,-0.0966261
1.81285,-1.06824,-0.0957776
1.85458,-1.07859,-0.0940036
1.87848,-1.08434,-0.0929872
1.91225,-1.09224,-0.0914838
1.93403,-1.09723,-0.0905021
1.95364,-1.10172,-0.0895729
1.97509,-1.10656,-0.0885471
1.99442,-1.11074,-0.0876466
2.01363,-1.11457,-0.0868076
2.03473,-1.1181,-0.0860099
2.05584,-1.12064,-0.0854009
2.07497,-1.12205,-0.0851074
2.0921,-1.12265,-0.0850033
2.11292,-1.12273,-0.0850073
2.13353,-1.12235,-0.0850838
2.15211,-1.12191,-0.0851211
2.1706,-1.12168,-0.0851419
2.19073,-1.12165,-0.0852491
2.20692,-1.12177,-0.0853815
2.22618,-1.12187,-0.0854834
2.24439,-1.12156,-0.0854217
2.2583,-1.12058,-0.0851482
2.27255,-1.11838,-0.0845541
2.28538,-1.11463,-0.0837325
2.29787,-1.10828,-0.082683
2.30702,-1.10117,-0.0818407
2.31628,-1.09123,-0.0810146
2.32409,-1.08056,-0.0804646
2.33309,-1.06555,-0.0800447
2.34175,-1.04877,-0.0797752
2.35021,-1.03063,-0.0795521
2.36082,-1.00611,-0.0792084
2.36909,-0.986176,-0.0789247
2.38467,-0.947063,-0.0786067
2.39208,-0.928277,-0.0784367
2.39943,-0.909782,-0.0782691
2.4074,-0.889962,-0.0781366
2.41516,-0.871032,-0.0780017
2.42189,-0.854916,-0.0777717
2.42826,-0.840221,-0.07743
2.43422,-0.827163,-0.0770171
2.4402,-0.814846,-0.0765547
2.44976,-0.797,-0.0756588
2.45355,-0.791023,-0.0752047
2.46292,-0.779786,-0.0731363
2.46485,-0.778619,-0.0723639
2.46655,-0.778553,-0.0713996
2.46755,-0.779414,-0.0705306
2.46824,-0.78145,-0.0694776
2.46842,-0.784721,-0.0683982
2.46596,-0.80166,-0.0652471
2.46398,-0.810455,-0.0644111
2.46154,-0.820482,-0.0637706
2.45905,-0.830438,-0.0633146
2.45636,-0.841203,-0.0628817
2.4529,-0.855284,-0.0623478
2.44937,-0.870276,-0.0618171
2.44289,-0.89923,-0.0608951
2.43314,-0.943561,-0.0597824
2.42201,-0.994853,-0.0589637
2.41115,-1.0436,-0.0588292
2.40376,-1.07635,-0.0588276
2.39239,-1.12567,-0.0592085
2.38026,-1.17431,-0.0595985
2.37233,-1.20475,-0.0598765
2.36813,-1.22078,-0.0600332
2.36351,-1.23849,-0.0602319
2.35426,-1.27203,-0.0606636
2.34969,-1.28797,-0.0610382
2.34144,-1.31683,-0.0620664
2.33249,-1.349,-0.0635058
2.32344,-1.38299,-0.0650305
2.31626,-1.41096,-0.0663272
2.30356,-1.46117,-0.0688915
2.29138,-1.50982,-0.0713278
2.27768,-1.56513,-0.0738554
2.26421,-1.61865,-0.0753373
2.25544,-1.65387,-0.075779
2.24287,-1.70409,-0.0757507
2.22998,-1.75387,-0.0752057
2.21677,-1.80262,-0.0746683
2.20794,-1.83452,-0.0743331
2.20385,-1.84867,-0.0742648
2.1993,-1.86194,-0.0744362
2.19473,-1.87526,-0.0744514
2.1897,-1.89028,-0.0742154
2.18485,-1.90567,-0.0738911
2.17968,-1.92304,-0.0738438
2.17517,-1.93918,-0.0741799
2.17104,-1.95356,-0.074618
2.16635,-1.96974,-0.0751777
2.1569,-2.00258,-0.0758399
2.15189,-2.01934,-0.0760637
2.14646,-2.03835,-0.0762099
2.14165,-2.05613,-0.0762295
2.13697,-2.07443,-0.0760853
2.12271,-2.13334,-0.0748429
2.11472,-2.16799,-0.0736995
2.11064,-2.18655,-0.0729116
2.10184,-2.2281,-0.0706967
2.09442,-2.26404,-0.068582
2.09138,-2.27935,-0.0677051
2.07988,-2.33848,-0.0642319
2.07665,-2.35551,-0.063249
2.0735,-2.37273,-0.0623082
2.0633,-2.42936,-0.0591125
2.05598,-2.46807,-0.0569035
2.04983,-2.49916,-0.0551545
2.04539,-2.5212,-0.0539212
2.04155,-2.53972,-0.0529262
2.03322,-2.57871,-0.0507888
2.02917,-2.59738,-0.0497368
2.01651,-2.65299,-0.0464369
2.00865,-2.6858,-0.0442843
1.9951,-2.7397,-0.0404346
1.99046,-2.75742,-0.0392073
1.98533,-2.77701,-0.0378672
1.97109,-2.82932,-0.0343327
1.9606,-2.86497,-0.0319667
1.95544,-2.8819,-0.0308987
1.94967,-2.9007,-0.0297817
1.94379,-2.91972,-0.0286914
1.93839,-2.93715,-0.0277613
1.92327,-2.98362,-0.0253152
1.91172,-3.01706,-0.0235646
1.90051,-3.04828,-0.0219001
1.89391,-3.06607,-0.0208975
1.88667,-3.08518,-0.0198209
1.88066,-3.10063,-0.0189255
1.87419,-3.11679,-0.0179244
1.86796,-3.13163,-0.0168953
1.85708,-3.15538,-0.0149271
1.84671,-3.17446,-0.012852
1.84199,-3.17984,-0.0121996
1.83301,-3.17749,-0.0129651
1.8225,-3.16877,-0.0144166
1.806,-3.15046,-0.0148093
1.7897,-3.12984,-0.0111906
1.77535,-3.11026,-0.00439152
1.76502,-3.09433,0.00100615
1.75971,-3.08467,0.00245338
1.75594,-3.07508,0.00157018
1.75486,-3.06778,-0.000570588
1.75602,-3.06041,-0.0026368
1.75883,-3.05343,-0.00364103
1.76287,-3.04564,-0.00403551
1.76783,-3.0368,-0.00431852
1.77349,-3.02688,-0.00494966
1.78152,-3.01231,-0.00658339
1.78744,-3.00125,-0.00807067
1.79572,-2.98548,-0.0101576
1.80355,-2.97021,-0.0119583
1.81162,-2.95444,-0.0136352
1.82745,-2.92277,-0.0165638
1.84382,-2.88931,-0.0193793
1.86048,-2.85458,-0.02198
1.86851,-2.83789,-0.0230669
1.8774,-2.81971,-0.0242269
1.88554,-2.80334,-0.0252394
1.90454,-2.76544,-0.027516
1.92354,-2.72677,-0.0299172
1.9459,-2.68025,-0.0328567
1.95742,-2.65593,-0.0341797
1.98037,-2.60714,-0.0363935
2.00323,-2.55755,-0.0380022
2.02937,-2.49969,-0.0390644
2.04561,-2.46322,-0.0393134
2.06809,-2.41229,-0.0395368
2.09573,-2.34761,-0.0392933
2.12101,-2.28554,-0.0392625
2.13522,-2.24968,-0.0394354
2.15953,-2.18698,-0.039892
2.17402,-2.14824,-0.0404365
2.19496,-2.08911,-0.0412693
2.20268,-2.06717,-0.0415915
2.20314,-2.04715,-0.0426833
2.19083,-2.01823,-0.0449679
2.18176,-1.99572,-0.0470816
2.17392,-1.97097,-0.0485725
2.16921,-1.94688,-0.0498211
2.16843,-1.92327,-0.0481663
2.1714,-1.90002,-0.0434978
2.17762,-1.8751,-0.0386007
2.1857,-1.85095,-0.036633
2.1949,-1.82752,-0.0374146
2.20561,-1.80261,-0.0394683
2.21569,-1.7802,-0.0408624
2.2258,-1.7582,-0.0414332
2.23678,-1.7345,-0.0416307
2.2458,-1.7151,-0.041873
2.25468,-1.69601,-0.0423362
2.26599,-1.6715,-0.0432063
2.27537,-1.65094,-0.0440072
2.28453,-1.63054,-0.0446847
2.29272,-1.61215,-0.0451486
2.30006,-1.59572,-0.0455003
2.30717,-1.5797,-0.0458807
2.31344,-1.56338,-0.0466796
2.31827,-1.54983,-0.0465748
2.32344,-1.53613,-0.0450257
2.32929,-1.52175,-0.0428856
2.33585,-1.50649,-0.0413895
2.34518,-1.48407,-0.0414629
2.35176,-1.46587,-0.0425663
2.35772,-1.44863,-0.0434312
2.36857,-1.41372,-0.0442547
2.37412,-1.3942,-0.0446358
2.37973,-1.37415,-0.0451692
2.38671,-1.34965,-0.0460674
2.3947,-1.32288,-0.0470979
2.40116,-1.30241,-0.0478235
2.40778,-1.28229,-0.0485421
2.41503,-1.26084,-0.0492507
2.42195,-1.24049,-0.0497962
2.42827,-1.22167,-0.0500785
2.43273,-1.20764,-0.0500718
2.43634,-1.19498,-0.0498993
2.43891,-1.18366,-0.0496157
2.44026,-1.17253,-0.049202
2.43994,-1.16359,-0.0488029
2.43726,-1.15369,-0.0483743
2.43318,-1.14611,-0.0481325
2.42601,-1.13711,-0.0480534
2.41575,-1.12708,-0.0482284
2.40351,-1.11626,-0.0485071
2.39339,-1.10737,-0.0487
2.3803,-1.09553,-0.0489536
2.36542,-1.08134,-0.0493142
2.35275,-1.06876,-0.0497013
2.33991,-1.05586,-0.0500606
2.32566,-1.0417,-0.0502953
2.3113,-1.02801,-0.0503977
2.29543,-1.01397,-0.0504317
2.28206,-1.00301,-0.0504356
2.26869,-0.992661,-0.0504058
2.25296,-0.980799,-0.0502878
2.23932,-0.970203,-0.0499562
2.22692,-0.959578,-0.0493388
2.2172,-0.949629,-0.0485167
2.20862,-0.938051,-0.0474389
2.20245,-0.925496,-0.0463631
2.1989,-0.91301,-0.0455342
2.19704,-0.896634,-0.0447652
2.19728,-0.881946,-0.0443534
2.19944,-0.863389,-0.0441193
2.20283,-0.845991,-0.0439141
2.20838,-0.824312,-0.043287
2.21315,-0.808531,-0.0423498
2.21785,-0.794515,-0.0410752
2.22142,-0.784715,-0.0398409
2.22453,-0.77652,-0.03855
2.22761,-0.76868,-0.037059
2.22975,-0.763388,-0.0358894
2.23177,-0.758278,-0.034618
2.23282,-0.755538,-0.0338971
2.23363,-0.753351,-0.0332679
2.23433,-0.751964,-0.032692
2.23527,-0.75073,-0.0320164
2.23635,-0.749746,-0.0313293
2.23934,-0.747801,-0.0298296
2.24252,-0.745941,-0.0283857
2.24612,-0.743785,-0.02682
2.2493,-0.741754,-0.0252889
2.25083,-0.740717,-0.0244682
2.25217,-0.739837,-0.0236901
2.2534,-0.739008,-0.0228144
2.25463,-0.738165,-0.0216779
2.25599,-0.737203,-0.0202019
2.25707,-0.736365,-0.0186302
2.25785,-0.735704,-0.0171098
2.25861,-0.735023,-0.0152253
2.25943,-0.734311,-0.0129443
2.26024,-0.733578,-0.0105417
2.26142,-0.732602,-0.00780768
2.26311,-0.731438,-0.00529082
2.26551,-0.730128,-0.00324186
2.26815,-0.729039,-0.00190109
2.27309,-0.727423,-0.000266072
2.27772,-0.726207,0.000921861
2.28391,-0.724725,0.00227641
2.28978,-0.72326,0.00355542
2.29493,-0.721754,0.00469343
2.29917,-0.72023,0.00570663
2.30332,-0.718369,0.00681334
2.30709,-0.716124,0.00798332
2.30985,-0.713974,0.00893007
2.31224,-0.711565,0.00990365
2.31391,-0.709337,0.0107516
2.31532,-0.706972,0.0116186
2.31666,-0.704334,0.0125063
2.31811,-0.701257,0.0133718
2.31964,-0.69796,0.0141039
2.32182,-0.693539,0.0149289
2.32491,-0.687493,0.0158694
2.32837,-0.680617,0.016777
2.33251,-0.672196,0.0176706
2.33832,-0.65989,0.0185922
2.34363,-0.647684,0.0191277
2.34967,-0.632282,0.0193747
2.35556,-0.614956,0.0192819
2.36007,-0.59956,0.018995
2.36456,-0.58137,0.0185096
2.36843,-0.562233,0.017877
2.37182,-0.54029,0.0171078
2.37437,-0.517637,0.0163384
2.37611,-0.494497,0.0155766
2.37787,-0.440762,0.0137627
2.37787,-0.416652,0.0129459
2.3776,-0.396721,0.0123786
2.37705,-0.374313,0.011837
2.37629,-0.351641,0.0113758
2.37548,-0.328754,0.0109586
2.37459,-0.30343,0.0105495
2.37379,-0.277964,0.010207
2.37326,-0.257019,0.00993888
2.37266,-0.229009,0.00962581
2.37211,-0.205643,0.00943548
2.37154,-0.179939,0.00933773
2.37091,-0.149565,0.0093232
2.37049,-0.128486,0.0093855
2.37006,-0.107373,0.00942565
2.36959,-0.0815275,0.00946584
2.3693,-0.0579626,0.00959382
2.3692,-0.031935,0.00996581
2.36951,-0.00580272,0.010614
2.37035,0.0179991,0.0115172
2.37194,0.0442013,0.0126126
2.374,0.0679728,0.0133846
2.3769,0.0939426,0.0137023
2.38039,0.119653,0.013656
2.38454,0.145127,0.0138336
2.38906,0.167988,0.0145446
2.39493,0.192779,0.0157208
2.40048,0.212702,0.0166625
2.40819,0.236519,0.0175292
2.41522,0.255491,0.0179035
2.42381,0.275969,0.0180336
2.43321,0.295772,0.0179999
2.44238,0.312948,0.0178936
2.45337,0.331279,0.0178355
2.46513,0.348747,0.0177489
2.4789,0.366884,0.0175185
2.49077,0.380891,0.017125
2.50316,0.394105,0.0165708
2.51606,0.406505,0.0159504
2.53094,0.41935,0.0152335
2.54478,0.430054,0.014537
2.56063,0.441007,0.0137992
2.57694,0.450961,0.0131848
2.59528,0.46071,0.0126689
2.6106,0.4678,0.0122977
2.62617,0.474125,0.0119376
2.64545,0.480837,0.0114644
2.66321,0.486036,0.0110779
2.67578,0.489155,0.0108361
2.69388,0.492899,0.0104778
2.71206,0.495864,0.0100718
2.74852,0.49964,0.00903651
2.76481,0.50052,0.00849564
2.78276,0.50102,0.00784159
2.80056,0.501048,0.00715264
2.81646,0.500707,0.00648576
2.84971,0.498944,0.0048985
2.86702,0.497605,0.00393892
2.90136,0.494052,0.00186045
2.95267,0.486946,-0.00130408
2.99016,0.480499,-0.00395426
3.04144,0.470305,-0.00800772
3.09628,0.457946,-0.0129947
3.13041,0.449627,-0.0161601
3.16473,0.440802,-0.0193715
3.1856,0.435281,-0.0212744
3.24539,0.419006,-0.0262389
3.28272,0.408602,-0.0293798
3.30078,0.403557,-0.030966
3.33194,0.394831,-0.0337809
3.37451,0.382756,-0.0374516
3.43425,0.365214,-0.0420244
3.4702,0.354337,-0.0447395
3.52583,0.33683,-0.048764
3.54908,0.329368,-0.0503667
3.61364,0.308019,-0.0543396
3.63925,0.299404,-0.0557462
3.70065,0.278606,-0.0586958
3.71838,0.272817,-0.0596102
3.73983,0.266608,-0.060497
3.76128,0.261387,-0.0611506
3.78098,0.2569,-0.0616176
3.80087,0.252352,-0.0621277
3.81888,0.247963,-0.0627651
3.84096,0.242055,-0.0637868
3.89122,0.22615,-0.0666989
3.93346,0.210648,-0.0688649
3.95554,0.201955,-0.0699233
3.97741,0.193186,-0.0710269
3.99857,0.185253,-0.0720084
4.01768,0.178132,-0.0726908
4.03671,0.170946,-0.073156
4.05378,0.164324,-0.0734863
4.07467,0.155905,-0.0739935
4.11648,0.137851,-0.0755978
4.15448,0.120187,-0.0771928
4.19824,0.0989831,-0.0787896
4.23443,0.0810711,-0.0802317
4.25536,0.0706653,-0.0810997
4.27442,0.0612051,-0.0819582
4.31643,0.0402504,-0.0839652
4.3375,0.0297108,-0.0849779
4.36066,0.0182531,-0.0860629
4.41677,-0.00968561,-0.0887551
4.46114,-0.0323752,-0.0910061
4.4804,-0.0422218,-0.0919361
4.54358,-0.0749481,-0.0945363
4.56265,-0.0848665,-0.0952656
4.62544,-0.117642,-0.0978211
4.66917,-0.140922,-0.0996223
4.70731,-0.161238,-0.101249
4.7457,-0.181783,-0.102899
4.80482,-0.214441,-0.105294
4.8558,-0.24363,-0.107105
4.91923,-0.281678,-0.109422
4.93774,-0.293056,-0.110129
4.97097,-0.313866,-0.111447
4.99119,-0.326787,-0.112316
5.00959,-0.338645,-0.113176
5.04642,-0.362647,-0.114825
5.06484,-0.374703,-0.1156
5.11611,-0.408892,-0.117593
5.17536,-0.449383,-0.119692
5.19126,-0.460189,-0.120076
5.20876,-0.471642,-0.120411
5.22601,-0.482436,-0.120632
5.24466,-0.493434,-0.120774
5.26453,-0.50428,-0.120749
5.28218,-0.512975,-0.120648
5.29743,-0.519608,-0.120543
5.30811,-0.526771,-0.120943
5.30974,-0.537328,-0.122558
5.30871,-0.546687,-0.124487
5.30681,-0.552103,-0.12489
5.30455,-0.556478,-0.123305
5.30258,-0.559625,-0.119299
5.30134,-0.561925,-0.115044
5.30103,-0.563786,-0.114127
5.30116,-0.565173,-0.11553
5.30147,-0.566304,-0.118057
5.30184,-0.567049,-0.12036
5.30228,-0.568016,-0.122859
5.30195,-0.568483,-0.124038
5.30145,-0.568822,-0.125196
5.3005,-0.569975,-0.126332
5.29974,-0.571029,-0.127466
5.29941,-0.57158,-0.128186
5.29882,-0.572181,-0.129534
5.29841,-0.572906,-0.13042
5.29806,-0.574014,-0.132564
5.29793,-0.574653,-0.134576
5.29743,-0.574291,-0.136289
5.29646,-0.573273,-0.137608
5.29481,-0.572839,-0.139536
5.29433,-0.572777,-0.140271
5.29349,-0.573475,-0.142565
5.2931,-0.573402,-0.144821
5.29316,-0.573537,-0.147074
5.29384,-0.573536,-0.149385
5.29448,-0.573768,-0.151491
5.29517,-0.573659,-0.152801
5.29512,-0.573554,-0.153862
5.29499,-0.57378,-0.154482
5.29498,-0.573878,-0.154987
5.29488,-0.574236,-0.155515
5.29466,-0.574979,-0.156094
5.29406,-0.576281,-0.15668
5.29312,-0.577811,-0.157301
5.29193,-0.579633,-0.158016
5.28966,-0.583029,-0.158949
5.28708,-0.586479,-0.159897
5.28369,-0.590964,-0.161067
5.28089,-0.594549,-0.161863
5.27582,-0.600883,-0.162986
5.2687,-0.609405,-0.163927
5.25794,-0.62136,-0.165129
5.24618,-0.633676,-0.166835
5.23538,-0.644461,-0.168708
5.2211,-0.658314,-0.171235
5.2087,-0.66598,-0.173471
5.1877,-0.664596,-0.177221
5.15548,-0.64269,-0.179247
5.1308,-0.621347,-0.175442
5.10405,-0.601321,-0.166787
5.08528,-0.592094,-0.157977
5.06626,-0.588997,-0.149389
5.05032,-0.591478,-0.144592
5.03749,-0.596084,-0.143719
5.02156,-0.593329,-0.144156
5.00879,-0.590232,-0.145612
4.99587,-0.585981,-0.147717
4.98803,-0.578627,-0.147159
4.98729,-0.567179,-0.143793
4.99253,-0.552921,-0.137733
5.0026,-0.54049,-0.129147
5.01283,-0.532841,-0.123408
5.02372,-0.527347,-0.121105
5.0349,-0.523793,-0.1215
5.0451,-0.521992,-0.123509
5.05786,-0.520923,-0.127537
5.06988,-0.52024,-0.131818
5.08231,-0.519169,-0.136101
5.09507,-0.517316,-0.140066
5.10678,-0.514812,-0.143359
5.11991,-0.511146,-0.14678
5.13437,-0.506109,-0.150357
5.14878,-0.500206,-0.153731
5.16308,-0.493601,-0.156826
5.17726,-0.48651,-0.159575
5.18995,-0.47983,-0.16175
5.19876,-0.475078,-0.163108
5.20996,-0.468946,-0.164647
5.22347,-0.461525,-0.1663
5.23669,-0.454428,-0.167783
5.25061,-0.447444,-0.169132
5.26259,-0.442182,-0.170009
5.2746,-0.438165,-0.170589
5.28356,-0.436495,-0.170884
5.29286,-0.436717,-0.171168
5.30004,-0.438959,-0.171507
5.30602,-0.442965,-0.171954
5.31098,-0.448387,-0.172452
5.31507,-0.454887,-0.172909
5.31845,-0.462071,-0.173339
5.32094,-0.468969,-0.173698
5.32462,-0.48333,-0.174479
5.3277,-0.504213,-0.17548
5.32831,-0.511633,-0.175747
5.32846,-0.518513,-0.176035
5.32697,-0.524986,-0.17651
5.32488,-0.531322,-0.176805
5.32257,-0.537952,-0.17674
5.32058,-0.543059,-0.176635
5.31844,-0.547786,-0.176659
5.31613,-0.552314,-0.17683
5.31291,-0.558681,-0.176411
5.31103,-0.564025,-0.174823
5.30942,-0.566969,-0.173466
5.3076,-0.568392,-0.173006
5.30385,-0.576361,-0.171359
5.30055,-0.581338,-0.171379
5.29887,-0.582731,-0.171652
5.29721,-0.584983,-0.171686
5.29508,-0.585293,-0.172623
5.29238,-0.587395,-0.17309
5.29141,-0.588523,-0.17298
5.29048,-0.592747,-0.171705
5.29058,-0.595276,-0.170613
5.29112,-0.600633,-0.168195
5.29098,-0.605624,-0.166149
5.29007,-0.613126,-0.162589
5.2902,-0.61521,-0.161225
5.29013,-0.616353,-0.160323
5.29016,-0.618065,-0.159048
5.29009,-0.619192,-0.15776
5.29039,-0.620207,-0.156053
5.2911,-0.622507,-0.152416
5.29085,-0.622867,-0.151092
5.29093,-0.624613,-0.147949
5.29118,-0.626977,-0.143964
5.28989,-0.625217,-0.143635
5.28881,-0.62386,-0.142786
5.28777,-0.62275,-0.140863
5.28683,-0.622056,-0.138704
5.28577,-0.621708,-0.136398
5.2847,-0.621649,-0.134461
5.28365,-0.621757,-0.132776
5.28257,-0.621976,-0.130961
5.28204,-0.622154,-0.129877
5.28141,-0.622393,-0.128292
5.28036,-0.622701,-0.125086
5.27937,-0.622636,-0.122335
5.27893,-0.62252,-0.121123
5.27852,-0.62235,-0.119888
5.27814,-0.622255,-0.118747
5.27782,-0.622409,-0.117819
5.27748,-0.622943,-0.116853
5.27721,-0.623695,-0.116186
5.2764,-0.627273,-0.115037
5.27589,-0.629142,-0.114743
5.27527,-0.631181,-0.114178
5.27455,-0.633304,-0.113315
5.27382,-0.635447,-0.112421
5.27331,-0.637056,-0.111902
5.273,-0.638226,-0.111619
5.2729,-0.638852,-0.111468
5.27308,-0.638767,-0.11126
5.2735,-0.638097,-0.110998
5.27429,-0.636685,-0.110562
5.27531,-0.634814,-0.110011
5.27688,-0.63201,-0.109186
5.27904,-0.628086,-0.10815
5.282,-0.622763,-0.106913
5.28512,-0.617398,-0.105792
5.28888,-0.611181,-0.104711
5.29379,-0.60334,-0.103582
5.29946,-0.594554,-0.102517
5.30585,-0.58493,-0.101454
5.31217,-0.575551,-0.100428
5.31892,-0.565614,-0.0993363
5.32681,-0.554137,-0.0980681
5.33431,-0.543298,-0.0968995
5.34837,-0.523109,-0.0947893
5.36531,-0.498755,-0.0922222
5.37264,-0.488234,-0.0910795
5.37977,-0.477231,-0.0896247
5.3852,-0.467948,-0.0879499
5.3902,-0.4589,-0.0857089
5.39592,-0.447709,-0.0824362
5.40093,-0.437173,-0.0795554
5.40593,-0.426085,-0.0771058
5.41014,-0.41668,-0.0756088
5.41608,-0.40429,-0.0742024
5.42207,-0.39287,-0.0731806
5.4294,-0.380465,-0.0721517
5.43818,-0.367967,-0.0709675
5.44753,-0.357338,-0.0697126
5.4575,-0.348981,-0.068439
5.46826,-0.34288,-0.0672004
5.47791,-0.33934,-0.066158
5.48855,-0.336846,-0.0650233
5.50332,-0.33473,-0.0635114
5.52027,-0.333189,-0.0620149
5.53762,-0.331842,-0.0608899
5.55671,-0.330331,-0.0602111
5.5773,-0.32862,-0.0599712
5.60353,-0.326475,-0.0600549
5.62616,-0.324953,-0.0601841
5.6491,-0.324049,-0.0601845
5.67195,-0.324151,-0.0599718
5.69439,-0.325494,-0.059646
5.71838,-0.328584,-0.0593277
5.73941,-0.332867,-0.0592128
5.75958,-0.33835,-0.0592776
5.77687,-0.344019,-0.0594027
5.79684,-0.351393,-0.0595067
5.81546,-0.358534,-0.059399
5.82965,-0.363639,-0.0590951
5.84286,-0.367657,-0.0586154
5.85649,-0.370384,-0.0579756
5.86916,-0.370966,-0.057435
5.87989,-0.369525,-0.0570904
5.89234,-0.36536,-0.057018
5.90428,-0.358853,-0.0573032
5.91585,-0.350483,-0.0578264
5.92509,-0.342671,-0.0582901
5.9341,-0.334459,-0.0586596
5.94379,-0.325442,-0.0588913
5.95209,-0.317886,-0.0589286
5.96077,-0.310485,-0.0588893
5.96885,-0.304427,-0.0588625
5.97633,-0.299841,-0.0588984
5.98401,-0.29657,-0.0590267
5.99148,-0.295103,-0.0591851
5.99839,-0.295242,-0.0592324
6.00646,-0.296993,-0.0591503
6.01613,-0.300702,-0.0587978
6.02621,-0.305704,-0.0583254
6.03771,-0.312174,-0.057796
6.04826,-0.318499,-0.0573776
6.06248,-0.327466,-0.0569804
6.07802,-0.337874,-0.0565928
6.09146,-0.347415,-0.0561451
6.10692,-0.35906,-0.0556828
6.12268,-0.371713,-0.0554991
6.14008,-0.38659,-0.0558337
6.1574,-0.402256,-0.0566995
6.17144,-0.41556,-0.0575831
6.18838,-0.432239,-0.0586776
6.20352,-0.447734,-0.0596503
6.2198,-0.465096,-0.0606148
6.23274,-0.479493,-0.0613518
6.2466,-0.495597,-0.0621402
6.26105,-0.513223,-0.0629411
6.27441,-0.530289,-0.0635384
6.28649,-0.546271,-0.0638725
6.29623,-0.55935,-0.0640099
6.30479,-0.570769,-0.0641409
6.31226,-0.580484,-0.0642958
6.31934,-0.589287,-0.0645317
6.32535,-0.596307,-0.0648325
6.32963,-0.600905,-0.0650607
6.33309,-0.604288,-0.0652022
6.33781,-0.608255,-0.0652958
6.3417,-0.610965,-0.0652262
6.34503,-0.612813,-0.0650882
6.34822,-0.614172,-0.0649252
6.35164,-0.615178,-0.0647611
6.35471,-0.615742,-0.064527
6.35745,-0.616087,-0.0642618
6.36049,-0.616318,-0.0638657
6.36348,-0.616451,-0.0632717
6.3667,-0.616538,-0.0624271
6.36931,-0.61657,-0.0615235
6.37246,-0.616647,-0.0601192
6.37604,-0.616747,-0.0582308
6.37822,-0.616795,-0.0571268
6.38039,-0.616896,-0.0561499
6.38336,-0.617121,-0.0551327
6.38596,-0.617352,-0.0544389
6.38852,-0.617725,-0.0537763
6.39122,-0.618359,-0.0530334
6.39365,-0.619143,-0.0523434
6.39728,-0.620589,-0.0513269
6.40174,-0.622603,-0.0501837
6.40673,-0.624952,-0.0492155
6.4136,-0.628164,-0.0482256
6.42208,-0.63185,-0.0473606
6.43348,-0.63637,-0.0466161
6.4432,-0.63986,-0.0461549
6.46008,-0.645187,-0.0457201
6.47599,-0.64956,-0.0456316
6.49339,-0.653684,-0.0457664
6.51203,-0.657417,-0.0460716
6.53165,-0.660616,-0.0464773
6.55198,-0.663169,-0.046895
6.57285,-0.665049,-0.0473703
6.58983,-0.665983,-0.0478028
6.60702,-0.666396,-0.0482604
6.62865,-0.666202,-0.0488309
6.65468,-0.664955,-0.0495105
6.67632,-0.663164,-0.0500205
6.73834,-0.654695,-0.051306
6.76145,-0.650369,-0.0517205
6.78442,-0.645549,-0.0520802
6.80924,-0.63987,-0.052317
6.82762,-0.635353,-0.0524631
6.84578,-0.630623,-0.0525761
6.86575,-0.625119,-0.0526496
6.88557,-0.619379,-0.0527172
6.9053,-0.6134,-0.0527299
6.92298,-0.607868,-0.0527427
6.94059,-0.602196,-0.0527858
6.95818,-0.596428,-0.052865
7.01396,-0.576771,-0.0533151
7.05711,-0.559743,-0.0534478
7.09387,-0.543811,-0.0534942
7.11373,-0.534587,-0.0534212
7.13168,-0.525896,-0.053263
7.14957,-0.516857,-0.0530421
7.1674,-0.507484,-0.0528004
7.18875,-0.495759,-0.0524447
7.20824,-0.484543,-0.0519723
7.22594,-0.473917,-0.0514554
7.24188,-0.464026,-0.0509529
7.25957,-0.452624,-0.0504453
7.27545,-0.442025,-0.0500485
7.29304,-0.429938,-0.0497312
7.31226,-0.416348,-0.0495639
7.33135,-0.402509,-0.0494976
7.35023,-0.38839,-0.0493025
7.36711,-0.375356,-0.0490443
7.38199,-0.363476,-0.0487479
7.39968,-0.348703,-0.0482475
7.41374,-0.336347,-0.0477217
7.42886,-0.322303,-0.0470556
7.44203,-0.309326,-0.0464337
7.45616,-0.294471,-0.045847
7.47109,-0.27757,-0.0454435
7.48413,-0.261735,-0.0453791
7.49786,-0.243792,-0.0453632
7.5086,-0.228662,-0.0451794
7.51999,-0.211339,-0.0447722
7.53184,-0.191711,-0.0442005
7.541,-0.175209,-0.0437754
7.54973,-0.158307,-0.0434352
7.55896,-0.13907,-0.0431679
7.56848,-0.117423,-0.042924
7.57662,-0.0973385,-0.0426795
7.58492,-0.0749227,-0.0423453
7.59117,-0.0563872,-0.0420119
7.60214,-0.0187372,-0.0413283
7.60784,0.00463422,-0.0409879
7.61253,0.0261391,-0.0407384
7.61682,0.0479561,-0.040487
7.62038,0.0678179,-0.0402583
7.62953,0.132811,-0.0393006
7.63204,0.155512,-0.0389273
7.63474,0.180792,-0.0384987
7.64113,0.252867,-0.0371929
7.64517,0.321061,-0.0362948
7.64625,0.344712,-0.0360628
7.64726,0.368586,-0.0358871
7.64892,0.416658,-0.0356117
7.65002,0.465156,-0.0352931
7.65042,0.489582,-0.0352203
7.65094,0.538783,-0.034976
7.65105,0.563417,-0.0347141
7.65113,0.583142,-0.0343744
7.65131,0.610235,-0.0337312
7.65152,0.63483,-0.0330192
7.65177,0.656864,-0.0322704
7.65211,0.683724,-0.0311779
7.65257,0.737076,-0.0288178
7.65255,0.785039,-0.0268294
7.65247,0.808836,-0.0257879
7.65246,0.834854,-0.0245605
7.65261,0.860691,-0.0232348
7.65305,0.890985,-0.0215634
7.65363,0.914121,-0.0202476
7.65452,0.939453,-0.0187426
7.65552,0.962428,-0.0173468
7.65689,0.987709,-0.0157243
7.65849,1.01307,-0.0140967
7.66128,1.05687,-0.0114987
7.66283,1.07994,-0.0102755
7.66468,1.10538,-0.00895467
7.66654,1.12862,-0.00771355
7.66864,1.152,-0.00649425
7.67078,1.17318,-0.00543443
7.67344,1.19685,-0.00423158
7.6767,1.22305,-0.00287667
7.68031,1.24939,-0.00153934
7.68696,1.29495,0.000626823
7.69759,1.36413,0.00346555
7.70182,1.39032,0.00447593
7.70583,1.41432,0.00538906
7.71491,1.46719,0.00732462
7.7191,1.49132,0.00814786
7.73101,1.56115,0.0104116
7.74353,1.6372,0.0127494
7.74748,1.6632,0.0136714
7.75125,1.68927,0.0145968
7.75453,1.71307,0.0154738
7.76372,1.78609,0.0183088
7.7665,1.80943,0.0192263
7.76925,1.83276,0.0201571
7.7726,1.86071,0.021273
7.77572,1.88624,0.0223037
7.77872,1.9094,0.0232395
7.7819,1.93254,0.0242163
7.78528,1.95571,0.0252789
7.7886,1.97662,0.0263026
7.79265,1.99992,0.0275126
7.79713,2.02321,0.0288743
7.80205,2.04649,0.0304111
7.80798,2.07198,0.0323766
7.81326,2.09263,0.0342708
7.82009,2.11739,0.0369055
7.82651,2.13901,0.0393412
7.83295,2.15947,0.041562
7.83982,2.18027,0.0435691
7.84632,2.19901,0.045038
7.85132,2.2128,0.0459109
7.85714,2.22784,0.0466728
7.86278,2.24116,0.0474088
7.86806,2.25219,0.0482607
7.87448,2.26357,0.0495329
7.88138,2.27368,0.0508928
7.88883,2.28279,0.0521243
7.89873,2.29297,0.0533415
7.91044,2.3031,0.0542608
7.924,2.31297,0.0548897
7.94076,2.32307,0.0553407
7.9608,2.33264,0.0557606
7.97662,2.33847,0.0561248
7.99278,2.34301,0.0565362
8.00723,2.34597,0.0569371
8.02341,2.34806,0.0574195
8.04446,2.34876,0.0580954
8.06302,2.34745,0.0587053
8.07763,2.34507,0.0592003
8.09472,2.34066,0.0597808
8.10804,2.33583,0.0602717
8.12069,2.33,0.0607999
8.13521,2.32156,0.061456
8.14744,2.3127,0.0620335
8.15658,2.3049,0.0624971
8.16818,2.29327,0.0630642
8.17772,2.28193,0.063468
8.1864,2.27001,0.0637965
8.19426,2.25751,0.0640534
8.20204,2.24321,0.0642543
8.20892,2.22844,0.0643606
8.21433,2.21463,0.0644225
8.21928,2.19909,0.0644566
8.22284,2.18472,0.0644215
8.22529,2.17164,0.0643239
8.22716,2.15695,0.0641072
8.22815,2.14364,0.0638242
8.22852,2.12872,0.0634128
8.22806,2.11221,0.0628635
8.22664,2.09408,0.0621702
8.22532,2.08192,0.0616428
8.22356,2.06819,0.0609812
8.22127,2.05282,0.0601316
8.21839,2.03582,0.0590352
8.21551,2.02024,0.0579302
8.21213,2.00296,0.0566071
8.20855,1.98556,0.0551383
8.20062,1.95031,0.0520438
8.19679,1.93412,0.0505984
8.18396,1.88328,0.0458494
8.17568,1.85149,0.0428719
8.16165,1.79865,0.0377674
8.14886,1.75146,0.0332862
8.13459,1.6996,0.0281347
8.12935,1.67965,0.0261227
8.11341,1.61715,0.0194795
8.09924,1.56247,0.0138043
8.08496,1.50662,0.00832888
8.06937,1.44567,0.00240984
8.05939,1.40599,-0.00153943
8.04257,1.34001,-0.00802897
8.03255,1.3016,-0.0117232
8.02623,1.27731,-0.0141488
8.02051,1.25503,-0.0164247
8.0154,1.23485,-0.0184691
8.01029,1.21472,-0.0204943
8.00517,1.19468,-0.0224402
8.00001,1.1747,-0.0242888
7.99422,1.15277,-0.0262991
7.9882,1.13095,-0.0282005
7.98248,1.11123,-0.0298947
7.97645,1.09155,-0.0315846
7.96944,1.06998,-0.0334736
7.96198,1.04849,-0.0354818
7.95563,1.03091,-0.0372547
7.94833,1.01136,-0.0394114
7.94078,0.991881,-0.0417065
7.93296,0.972478,-0.0439521
7.92482,0.953163,-0.0460927
7.91636,0.933988,-0.0481243
7.9076,0.914993,-0.0501492
7.89953,0.898068,-0.0520132
7.88945,0.877577,-0.0543711
7.88106,0.860959,-0.0563646
7.86163,0.824566,-0.0606487
7.84108,0.789045,-0.0648444
7.81731,0.751141,-0.0697426
7.796,0.719218,-0.0741245
7.76324,0.673033,-0.0805276
7.72505,0.622782,-0.0875318
7.69818,0.588948,-0.09241
7.66803,0.552254,-0.0977171
7.65343,0.534811,-0.100261
7.62536,0.501615,-0.105088
7.61189,0.485911,-0.107362
7.59846,0.470256,-0.109619
7.58505,0.454626,-0.111895
7.56076,0.42665,-0.115909
7.53346,0.395936,-0.120137
7.51975,0.380559,-0.122151
7.50606,0.365113,-0.124088
7.49247,0.349634,-0.12595
7.48031,0.335705,-0.127607
7.46684,0.320217,-0.129446
7.45199,0.303183,-0.131429
7.43978,0.289228,-0.133058
7.42478,0.272215,-0.135055
7.40966,0.255284,-0.137028
7.39573,0.239983,-0.138814
7.37879,0.221748,-0.141038
7.36447,0.206691,-0.142996
7.34847,0.190302,-0.145208
7.31865,0.161095,-0.149042
7.30187,0.145322,-0.15098
7.26885,0.115725,-0.154313
7.2511,0.100627,-0.155925
7.23151,0.0843927,-0.157515
7.2134,0.0696727,-0.158889
7.19687,0.0563694,-0.160093
7.18035,0.0431152,-0.161278
7.16234,0.028512,-0.162685
7.12964,0.00219845,-0.165445
7.10175,-0.0198934,-0.167737
7.09033,-0.0289458,-0.168642
7.0726,-0.0431211,-0.17006
7.05662,-0.0558496,-0.171366
7.0391,-0.0696074,-0.172823
7.02483,-0.0806892,-0.174019
7.00735,-0.094,-0.175534
6.97698,-0.116426,-0.178212
6.96088,-0.127967,-0.179557
6.94632,-0.138151,-0.180673
6.92835,-0.15031,-0.181928
6.91183,-0.161129,-0.182946
6.89512,-0.171658,-0.18384
6.87654,-0.182887,-0.184727
6.85942,-0.192773,-0.185478
6.84213,-0.202347,-0.186201
6.82294,-0.21257,-0.187037
6.8071,-0.220763,-0.187753
6.7911,-0.228805,-0.188447
6.77496,-0.236748,-0.189046
6.75322,-0.247089,-0.189636
6.73494,-0.25544,-0.189947
6.72024,-0.261951,-0.190151
6.70365,-0.269077,-0.190398
6.68324,-0.277513,-0.190763
6.66458,-0.284954,-0.191176
6.64584,-0.292232,-0.191692
6.62701,-0.299255,-0.192254
6.58694,-0.312994,-0.193274
6.56772,-0.318933,-0.193698
6.51163,-0.333999,-0.19491
6.47436,-0.342319,-0.195673
6.41464,-0.353516,-0.196432
6.39458,-0.356903,-0.19653
6.37058,-0.360969,-0.196584
6.34879,-0.364642,-0.196601
6.32731,-0.368128,-0.196598
6.30615,-0.371428,-0.196613
6.28725,-0.374149,-0.19661
6.26667,-0.376866,-0.19656
6.24626,-0.379233,-0.196463
6.22588,-0.381232,-0.196311
6.20915,-0.382586,-0.196052
6.1886,-0.383862,-0.195587
6.16976,-0.384585,-0.195039
6.14886,-0.384779,-0.194067
6.13168,-0.384449,-0.193201
6.11067,-0.383418,-0.192572
6.09355,-0.382081,-0.192528
6.07272,-0.379857,-0.193033
6.05389,-0.377351,-0.193807
6.03154,-0.373708,-0.194709
6.01123,-0.369736,-0.195276
5.99305,-0.365516,-0.195578
5.97343,-0.360187,-0.195749
5.9406,-0.349154,-0.195922
5.92391,-0.342421,-0.196076
5.9061,-0.334295,-0.196244
5.89203,-0.32712,-0.196331
5.87541,-0.317843,-0.196328
5.85941,-0.308172,-0.196245
5.8441,-0.298398,-0.196022
5.82969,-0.288896,-0.195513
5.81528,-0.279285,-0.194556
5.80456,-0.272188,-0.193576
5.79509,-0.266115,-0.192525
5.78686,-0.261138,-0.191523
5.78039,-0.257501,-0.190676
5.77464,-0.254556,-0.189839
5.76889,-0.25186,-0.188881
5.76397,-0.249672,-0.187971
5.75785,-0.247,-0.186779
5.75315,-0.244819,-0.185829
5.74734,-0.241945,-0.184634
5.74082,-0.238472,-0.183346
5.72416,-0.228661,-0.180709
5.71371,-0.222006,-0.179684
5.70231,-0.214453,-0.178914
5.69011,-0.206196,-0.178322
5.67609,-0.196642,-0.177686
5.66329,-0.187923,-0.176929
5.64971,-0.178696,-0.175767
5.63826,-0.171001,-0.174424
5.62704,-0.163592,-0.172753
5.6174,-0.157495,-0.171095
5.61075,-0.153499,-0.169785
5.60516,-0.150382,-0.168477
5.59914,-0.147433,-0.166599
5.59442,-0.145587,-0.164483
5.59091,-0.144615,-0.162425
5.58801,-0.14415,-0.160323
5.584,-0.144023,-0.156621
5.58063,-0.144434,-0.152706
5.57713,-0.14511,-0.147505
5.57375,-0.145782,-0.14094
5.57161,-0.145789,-0.135261
5.56979,-0.145166,-0.12996
5.56826,-0.143604,-0.125123
5.56714,-0.141307,-0.120505
5.56626,-0.138269,-0.115983
5.56577,-0.135684,-0.113256
5.56551,-0.134305,-0.112017
5.56516,-0.132929,-0.110933
5.56458,-0.131186,-0.109758
5.56371,-0.1294,-0.108695
5.56217,-0.127076,-0.10747
5.55959,-0.123955,-0.106085
5.55627,-0.120404,-0.104785
5.55186,-0.11607,-0.103434
5.54626,-0.110852,-0.102065
5.5394,-0.104709,-0.100643
5.52946,-0.095994,-0.099006
5.51989,-0.0876379,-0.0978396
5.51046,-0.0794039,-0.0969532
5.49927,-0.0696565,-0.0961102
5.48882,-0.0606041,-0.0953515
5.47592,-0.0494425,-0.0943067
5.46317,-0.0384207,-0.0931138
5.45187,-0.0286099,-0.0919514
5.43971,-0.018039,-0.0906331
5.4276,-0.0076361,-0.0892432
5.41642,0.00187345,-0.0879057
5.40486,0.0114931,-0.0865641
5.3928,0.0213046,-0.0853098
5.37888,0.0323412,-0.0840109
5.36435,0.043624,-0.0827585
5.35046,0.0527658,-0.0817652
5.34102,0.0560123,-0.0812637
5.33226,0.0558455,-0.0796233
5.32383,0.052901,-0.0753065
5.31179,0.0510248,-0.0663387
5.30059,0.0526237,-0.0601491
5.28813,0.0568871,-0.0567692
5.27485,0.0635923,-0.0562865
5.2628,0.0707389,-0.0571224
5.25237,0.0760479,-0.058107
5.24384,0.0791738,-0.058173
5.23665,0.0812162,-0.0565377
5.22932,0.0835942,-0.0530626
5.22315,0.0863571,-0.0498608
5.21588,0.0902417,-0.0471347
5.20825,0.0946785,-0.0459064
5.20123,0.0987463,-0.045797
5.1924,0.103895,-0.046212
5.18344,0.109007,-0.0463861
5.17528,0.113561,-0.0455103
5.16553,0.119266,-0.0441363
5.15795,0.123729,-0.0428707
5.15018,0.128155,-0.0420733
5.1456,0.130659,-0.0418065
5.1391,0.134023,-0.041548
5.13395,0.136473,-0.0413887
5.1292,0.138532,-0.0412223
5.12568,0.139957,-0.0410909
5.12295,0.1411,-0.0410364
5.11949,0.142916,-0.0413281
5.11913,0.143825,-0.0415359
5.11987,0.144078,-0.0416389
5.12088,0.144122,-0.0417072
5.12405,0.143751,-0.0417319
5.13047,0.141806,-0.0417383
5.1325,0.140943,-0.0417873
5.13622,0.139105,-0.0420703
5.13789,0.138143,-0.0422751
5.13943,0.137187,-0.0424587
5.14059,0.136377,-0.0425968
5.14127,0.135821,-0.0427367
5.14178,0.135361,-0.0428673
5.14206,0.135033,-0.0430257
5.14199,0.134622,-0.0432443
5.14188,0.134406,-0.0432746
5.14141,0.13378,-0.0431504
5.14152,0.133362,-0.042866
5.14254,0.133005,-0.0425294
5.14392,0.1325,-0.0418239
5.14463,0.132176,-0.0414188
5.14543,0.131578,-0.0403639
5.14568,0.13118,-0.0395689
5.14493,0.131188,-0.0391574
5.14437,0.131539,-0.0386478
5.14474,0.131909,-0.0381302
5.14628,0.132191,-0.0375193
5.14834,0.132425,-0.0368457
5.15066,0.132588,-0.0358382
5.15248,0.132107,-0.0347101
5.15393,0.131287,-0.0336681
5.15481,0.130565,-0.0332627
5.15505,0.129997,-0.0330804
5.15439,0.129991,-0.0333998
5.15354,0.130184,-0.0335687
5.15241,0.130624,-0.0338974
5.15083,0.131406,-0.0343438
5.14934,0.132063,-0.0348606
5.14896,0.132263,-0.0350624
5.14861,0.132562,-0.035297
5.14817,0.132999,-0.0356398
5.14768,0.133634,-0.0359612
5.14711,0.134501,-0.0361743
5.14581,0.136442,-0.0363684
5.14431,0.138556,-0.0364587
5.14228,0.141453,-0.0364718
5.14007,0.14482,-0.0364076
5.13718,0.149474,-0.0362239
5.13417,0.154534,-0.0360391
5.13037,0.16115,-0.0358324
5.12388,0.173663,-0.035756
5.11892,0.184996,-0.0361271
5.11494,0.195281,-0.0369025
5.11152,0.205868,-0.0375034
5.10845,0.216818,-0.037507
5.10609,0.226372,-0.0372318
5.10408,0.236227,-0.0370834
5.10285,0.244443,-0.0372828
5.10197,0.254762,-0.0376996
5.1019,0.265715,-0.0385999
5.10204,0.274909,-0.0397311
5.09861,0.279526,-0.0416046
5.09301,0.281601,-0.0436925
5.08591,0.282495,-0.0433755
5.07686,0.283304,-0.041305
5.0675,0.286838,-0.0381177
5.05771,0.292337,-0.0353983
5.04757,0.300355,-0.0345293
5.04119,0.305936,-0.0364001
5.03606,0.309242,-0.0395201
5.02548,0.309955,-0.0467159
5.02012,0.308243,-0.0507456
5.01868,0.303233,-0.0523908
5.01715,0.298635,-0.0532611
5.01586,0.294446,-0.0542397
5.01514,0.29265,-0.0555626
5.01452,0.291802,-0.057907
5.0139,0.291389,-0.0611821
5.0133,0.291096,-0.0634222
5.01207,0.290282,-0.0663143
5.01019,0.28851,-0.0689172
5.00776,0.285782,-0.0710766
5.00422,0.281306,-0.073397
4.99649,0.269862,-0.0773386
4.99002,0.259304,-0.080228
4.98316,0.247766,-0.0829877
4.97549,0.234757,-0.0857723
4.96794,0.221963,-0.0882834
4.95907,0.20713,-0.0909863
4.94895,0.190367,-0.0938617
4.9394,0.174643,-0.0963896
4.93052,0.160231,-0.0984365
4.92243,0.147289,-0.100128
4.91338,0.132964,-0.10185
4.90335,0.117288,-0.103579
4.89504,0.104566,-0.104816
4.88669,0.092021,-0.105952
4.87731,0.0783195,-0.107301
4.86577,0.0622004,-0.109303
4.85583,0.0492059,-0.111371
4.84663,0.0379634,-0.113454
4.8362,0.0261498,-0.115942
4.82462,0.0140567,-0.118659
4.81632,0.00607937,-0.120508
4.80541,-0.0035154,-0.122879
4.79631,-0.0106664,-0.124838
4.78748,-0.0166281,-0.126912
4.77944,-0.0209192,-0.129145
4.7739,-0.0229204,-0.131066
4.7702,-0.023558,-0.132598
4.76672,-0.0234766,-0.134365
4.76389,-0.022679,-0.136145
4.76182,-0.0214427,-0.137712
4.75972,-0.0193118,-0.139604
4.7582,-0.0169551,-0.141233
4.75679,-0.0138989,-0.142938
4.75572,-0.010792,-0.144414
4.75467,-0.00696388,-0.146058
4.75379,-0.00321053,-0.147557
4.75284,0.00172282,-0.149365
4.75216,0.00597747,-0.150835
4.75146,0.0113914,-0.152623
4.75106,0.0159916,-0.154063
4.75085,0.0206894,-0.155517
4.75076,0.0265209,-0.157315
4.75085,0.031327,-0.15873
4.75114,0.0366666,-0.160214
4.75173,0.0424531,-0.161704
4.75242,0.0470868,-0.162872
4.75358,0.0531623,-0.164386
4.75502,0.0595395,-0.165875
4.75604,0.0634021,-0.16675
4.75734,0.0677354,-0.167715
4.75857,0.0715689,-0.168596
4.76008,0.0758371,-0.169642
4.76175,0.0800169,-0.170719
4.76408,0.0848952,-0.171946
4.76673,0.0894582,-0.173069
4.76968,0.0936427,-0.174066
4.77295,0.097425,-0.174943
4.77607,0.100526,-0.175658
4.77961,0.103585,-0.176331
4.78286,0.106085,-0.17693
4.78513,0.107741,-0.177372
4.78867,0.110177,-0.178099
4.79211,0.112424,-0.178858
4.79503,0.114393,-0.179574
4.79774,0.116295,-0.180303
4.80025,0.118127,-0.181034
4.80248,0.1199,-0.181773
4.80463,0.121816,-0.182587
4.80632,0.123513,-0.183363
4.80794,0.125324,-0.18421
4.81064,0.12846,-0.185776
4.81186,0.130111,-0.186416
4.81281,0.131734,-0.186898
4.81355,0.133519,-0.187312
4.81404,0.135452,-0.187699
4.81419,0.137667,-0.188007
4.81371,0.140228,-0.188164
4.81241,0.142715,-0.18811
4.80982,0.145528,-0.187835
4.80618,0.148033,-0.187387
4.80218,0.149943,-0.186897
4.79644,0.151831,-0.186204
4.78918,0.153411,-0.185375
4.77935,0.154791,-0.184422
4.76986,0.155676,-0.183593
4.75662,0.156566,-0.182377
4.74194,0.157507,-0.181184
4.72612,0.158776,-0.180405
4.71102,0.160296,-0.180229
4.69386,0.162387,-0.180421
4.67618,0.1649,-0.180715
4.65812,0.167721,-0.181059
4.63976,0.170952,-0.1813
4.62121,0.174685,-0.181386
4.60079,0.179485,-0.181396
4.58362,0.184183,-0.181458
4.56459,0.190104,-0.181546
4.54544,0.196757,-0.181597
4.5297,0.202716,-0.181615
4.51219,0.209881,-0.181622
4.47389,0.227036,-0.181373
4.43976,0.243963,-0.180833
4.42301,0.252956,-0.180336
4.40816,0.261418,-0.17974
4.39187,0.271178,-0.178945
4.37576,0.281282,-0.178054
4.35975,0.291672,-0.177075
4.34218,0.303387,-0.17594
4.32775,0.313157,-0.174972
4.27959,0.346178,-0.171251
4.26355,0.35703,-0.170012
4.24592,0.368783,-0.168682
4.22985,0.379325,-0.16748
4.21366,0.389786,-0.166283
4.19566,0.401234,-0.164946
4.17906,0.411534,-0.163613
4.16054,0.422756,-0.162053
4.14512,0.431878,-0.160704
4.1295,0.440969,-0.159235
4.11192,0.451034,-0.157481
4.08888,0.464082,-0.155054
4.07291,0.473153,-0.153283
4.03741,0.490919,-0.149293
4.02454,0.493769,-0.147713
4.01052,0.493965,-0.145408
3.99609,0.492491,-0.140681
3.98034,0.492972,-0.134237
3.96584,0.495646,-0.129379
3.95017,0.500463,-0.126139
3.93524,0.506536,-0.12469
3.91076,0.518829,-0.123797
3.8907,0.530322,-0.122878
3.87199,0.541613,-0.121403
3.85296,0.553272,-0.119418
3.83173,0.56612,-0.116894
3.81222,0.577525,-0.114552
3.79261,0.588507,-0.112444
3.7749,0.597996,-0.110859
3.75322,0.608986,-0.109344
3.73351,0.618367,-0.108274
3.70986,0.628797,-0.107182
3.69004,0.635224,-0.107428
3.65939,0.641431,-0.108842
3.6304,0.646365,-0.109938
3.60733,0.650342,-0.110023
3.58267,0.654489,-0.109353
3.55905,0.658057,-0.108551
3.53423,0.660963,-0.107902
3.5104,0.662426,-0.107623
3.48745,0.662141,-0.107515
3.46523,0.659912,-0.107365
3.44759,0.656496,-0.107145
3.42852,0.651073,-0.106817
3.41,0.644047,-0.106463
3.36786,0.621444,-0.105539
3.34945,0.609029,-0.105066
3.33151,0.595623,-0.104534
3.31396,0.58141,-0.103967
3.28297,0.553664,-0.102867
3.23693,0.507219,-0.100865
3.22264,0.491706,-0.100211
3.2059,0.472994,-0.0993587
3.19217,0.457316,-0.0985465
3.17862,0.441632,-0.097634
3.16245,0.422848,-0.0963983
3.15028,0.408852,-0.0953563
3.13518,0.391911,-0.0940263
3.12122,0.376786,-0.0929615
3.10842,0.363382,-0.0922501
3.09395,0.348691,-0.0918296
3.07777,0.332783,-0.0917161
3.06127,0.317091,-0.0918736
3.04298,0.300149,-0.0921535
3.02748,0.286185,-0.0923792
3.01014,0.271074,-0.0925704
2.99407,0.257693,-0.0926613
2.97595,0.243411,-0.0927664
2.95738,0.229653,-0.0928257
2.94012,0.217632,-0.0928458
2.92255,0.206063,-0.0928321
2.90653,0.196052,-0.0927837
2.89033,0.18635,-0.0927711
2.87217,0.175813,-0.0927696
2.85577,0.166471,-0.0928857
2.83567,0.155211,-0.0931071
2.80071,0.136224,-0.0933952
2.74699,0.108527,-0.093437
2.71019,0.0904028,-0.0932144
2.67558,0.0738245,-0.092874
2.63964,0.056917,-0.0921713
2.62183,0.0485561,-0.0916972
2.60765,0.0418903,-0.0912293
2.59172,0.0343874,-0.0905984
2.5722,0.025212,-0.0897195
2.55435,0.0168339,-0.0888151
2.53812,0.00922116,-0.0879148
2.52168,0.00149985,-0.0869006
2.50509,-0.00634205,-0.0857571
2.48464,-0.0161145,-0.084281
2.4641,-0.0261896,-0.0828295
2.4454,-0.0356639,-0.0815295
2.4267,-0.0454733,-0.0802162
2.40616,-0.0566887,-0.0787805
2.38757,-0.0673481,-0.0776038
2.36913,-0.0783677,-0.0767064
2.35088,-0.0897489,-0.0761811
2.33277,-0.101424,-0.0759893
2.31487,-0.113377,-0.0760015
2.29378,-0.128098,-0.0760129
2.27314,-0.143163,-0.0759162
2.22374,-0.182227,-0.0754163
2.208,-0.195746,-0.0752184
2.19721,-0.205306,-0.0750827
2.18509,-0.216343,-0.0749401
2.1718,-0.22872,-0.0747527
2.15636,-0.243514,-0.0744138
2.14334,-0.256259,-0.0739777
2.13266,-0.266789,-0.0734592
2.12115,-0.278134,-0.072796
2.1123,-0.286875,-0.0723286
2.10371,-0.295366,-0.0720605
2.09818,-0.300962,-0.0721017
2.0959,-0.304584,-0.0728873
2.09922,-0.304985,-0.074547
2.10519,-0.303081,-0.0751764
2.11143,-0.300592,-0.0744166
2.11713,-0.298206,-0.0724495
2.12133,-0.296513,-0.0706748
2.124,-0.295647,-0.0699774
2.12529,-0.295504,-0.0703205
2.12559,-0.295882,-0.071171
2.12512,-0.296589,-0.0718043
2.12421,-0.297417,-0.0720957
2.12286,-0.298483,-0.0721021
2.12131,-0.299628,-0.0719789
2.11975,-0.300772,-0.0718853
2.11558,-0.303983,-0.0719339
2.11205,-0.307024,-0.0718315
2.10999,-0.309732,-0.071918
2.10841,-0.312816,-0.0721145
2.10783,-0.314128,-0.07211
2.10693,-0.315978,-0.0720548
2.10624,-0.317305,-0.0719847
2.10523,-0.319457,-0.0717129
2.1042,-0.322656,-0.0713957
2.10338,-0.327127,-0.0709822
2.10259,-0.331913,-0.0702023
2.1011,-0.337105,-0.0694536
2.09847,-0.343506,-0.0685654
2.09373,-0.353141,-0.0674085
2.08792,-0.365023,-0.0662852
2.08144,-0.378989,-0.0651375
2.07311,-0.395129,-0.0641258
2.06182,-0.412668,-0.0628859
2.04896,-0.430137,-0.06116
2.03768,-0.444909,-0.0596082
2.024,-0.460042,-0.058407
2.00917,-0.473465,-0.0579923
1.99184,-0.485842,-0.0581934
1.97522,-0.495035,-0.0585739
1.95827,-0.502286,-0.0589724
1.94122,-0.507784,-0.0593076
1.92899,-0.510795,-0.0595579
1.91269,-0.513836,-0.0599076
1.89723,-0.516055,-0.0601977
1.88308,-0.517913,-0.0603001
1.87284,-0.51943,-0.0602205
1.86232,-0.521477,-0.0599148
1.85417,-0.523642,-0.0595188
1.84878,-0.525424,-0.0589718
1.84496,-0.526792,-0.058097
1.84298,-0.527,-0.0574265
1.84254,-0.526066,-0.0573237
1.84338,-0.523343,-0.0577965
1.84522,-0.519711,-0.0585499
1.84894,-0.513564,-0.059822
1.85315,-0.507516,-0.0611183
1.8589,-0.499453,-0.0623323
1.86565,-0.490222,-0.0628165
1.87482,-0.477661,-0.0630948
1.88404,-0.46532,-0.0640176
1.8929,-0.453632,-0.0655091
1.90397,-0.439268,-0.0674737
1.91528,-0.424694,-0.0690725
1.93662,-0.397542,-0.0709712
1.95754,-0.37133,-0.0727804
1.96652,-0.360064,-0.0736142
1.97633,-0.347569,-0.0744868
1.98589,-0.335136,-0.0752449
1.99604,-0.321603,-0.0759018
2.00487,-0.309471,-0.0764137
2.01472,-0.295642,-0.0770156
2.02101,-0.287611,-0.0780358
2.02555,-0.281892,-0.0782144
2.02884,-0.276859,-0.0768335
2.03088,-0.27323,-0.0753769
2.03214,-0.270817,-0.0746861
2.03274,-0.269472,-0.0749142
2.03256,-0.269287,-0.075712
2.03172,-0.270219,-0.0765299
2.03049,-0.27189,-0.077097
2.02874,-0.274602,-0.0774877
2.02706,-0.277428,-0.0776122
2.02496,-0.28123,-0.0776377
2.0228,-0.285283,-0.0776366
2.01974,-0.291107,-0.0777679
2.01642,-0.297175,-0.0779704
2.01303,-0.30344,-0.077973
2.00839,-0.312067,-0.077706
2.00485,-0.318955,-0.0773163
1.99993,-0.329634,-0.0765364
1.9957,-0.340856,-0.0757471
1.99149,-0.353862,-0.0745086
1.98704,-0.370428,-0.0724079
1.98296,-0.389352,-0.070513
1.97933,-0.410467,-0.0695426
1.97646,-0.433514,-0.0693807
1.9746,-0.458195,-0.0695552
1.9738,-0.47932,-0.0696534
1.97352,-0.503526,-0.0696037
1.97372,-0.528298,-0.069424
1.97411,-0.550858,-0.069198
1.97462,-0.576061,-0.0689594
1.97519,-0.608651,-0.0685879
1.97516,-0.633281,-0.0681899
1.97437,-0.657249,-0.0676696
1.9725,-0.680247,-0.0669438
1.96926,-0.702087,-0.0660751
1.96508,-0.720611,-0.0653001
1.95826,-0.741639,-0.0644554
1.95056,-0.759072,-0.0637642
1.94171,-0.774773,-0.0631598
1.93208,-0.788641,-0.0625644
1.9211,-0.801624,-0.0617509
1.91117,-0.811219,-0.0608243
1.90068,-0.819168,-0.059712
1.89084,-0.824329,-0.0585777
1.88234,-0.826639,-0.0575106
1.87323,-0.826595,-0.0563399
1.86481,-0.824325,-0.0551512
1.85588,-0.820005,-0.0538668
1.84625,-0.81377,-0.0526678
1.83567,-0.805852,-0.051638
1.82647,-0.798481,-0.0509298
1.8141,-0.788232,-0.0501326
1.79958,-0.775938,-0.0493087
1.78854,-0.76656,-0.0486972
1.77289,-0.753281,-0.0477355
1.75833,-0.741002,-0.0466819
1.74357,-0.728679,-0.0455505
1.73171,-0.718826,-0.0445986
1.71558,-0.705391,-0.0431998
1.69984,-0.692268,-0.0417383
1.68617,-0.680884,-0.0403505
1.67212,-0.669266,-0.0386662
1.66265,-0.661556,-0.037359
1.65076,-0.65201,-0.0355484
1.64161,-0.644823,-0.0341103
1.63998,-0.643486,-0.0332124
1.6418,-0.643523,-0.0296048
1.64299,-0.641642,-0.0225246
1.64314,-0.638214,-0.0158366
1.64414,-0.634425,-0.0117196
1.64633,-0.630324,-0.0106987
1.64804,-0.624246,-0.0109534
1.64945,-0.616452,-0.011254
1.65104,-0.608636,-0.0115033
1.65188,-0.601782,-0.0122436
1.65148,-0.595985,-0.0109944
1.65047,-0.590821,-0.00908399
1.64998,-0.586992,-0.00878713
1.65012,-0.584073,-0.0104987
1.65118,-0.582007,-0.0133408
1.6539,-0.580072,-0.0167073
1.6558,-0.57923,-0.0189274
1.65742,-0.578912,-0.0207347
1.65885,-0.578808,-0.0217262
1.65996,-0.578928,-0.0224407
1.66066,-0.579091,-0.0241897
1.66053,-0.57936,-0.025793
1.65991,-0.579541,-0.027031
1.65881,-0.579574,-0.0283896
1.65661,-0.579414,-0.0296846
1.65292,-0.579053,-0.0301763
1.64947,-0.578503,-0.0304116
1.64604,-0.578067,-0.0304773
1.64331,-0.577518,-0.0305423
1.64028,-0.576818,-0.031348
1.63709,-0.576242,-0.0315845
1.63456,-0.575849,-0.0317899
1.63171,-0.575453,-0.0320821
1.6293,-0.575042,-0.0324128
1.62731,-0.574438,-0.0324795
1.62564,-0.573673,-0.032783
1.6241,-0.572835,-0.0333094
1.62249,-0.57197,-0.0342902
1.6213,-0.570986,-0.0346422
1.62027,-0.569946,-0.0344578
1.61979,-0.569376,-0.0347799
1.61918,-0.568763,-0.034608
1.619,-0.568294,-0.0330256
1.61896,-0.567887,-0.0306074
1.61891,-0.567759,-0.0270935
1.6194,-0.567708,-0.0226645
1.62084,-0.569348,-0.0208226
1.62303,-0.571736,-0.0185141
1.62624,-0.574511,-0.017387
1.6308,-0.577123,-0.0164412
1.63555,-0.579717,-0.0170979
1.64216,-0.58349,-0.0205546
1.64974,-0.587389,-0.0259795
1.66005,-0.592133,-0.0338958
1.67005,-0.596529,-0.0402525
1.68361,-0.598909,-0.0464737
1.69862,-0.600615,-0.0517704
1.71268,-0.600688,-0.0565157
1.72482,-0.600831,-0.06121
1.73872,-0.600853,-0.0657645
1.75199,-0.600949,-0.0706983
1.76606,-0.599654,-0.0756496
1.77699,-0.599029,-0.0720222
1.78582,-0.600048,-0.0612386
1.79403,-0.604924,-0.045932
1.80002,-0.612456,-0.0351968
1.80685,-0.626173,-0.0262083
1.81413,-0.647053,-0.0208368
1.82022,-0.669218,-0.0182628
1.82634,-0.695347,-0.0159362
1.8325,-0.724741,-0.0130041
1.83734,-0.749989,-0.0102045
1.84324,-0.782961,-0.0063096
1.84894,-0.816782,-0.00236496
1.85386,-0.847497,0.000986884
1.85907,-0.88153,0.00439476
1.86399,-0.915255,0.00760697
1.86865,-0.948475,0.0107273
1.87486,-0.993967,0.0151812
1.87862,-1.02246,0.0181732
1.88215,-1.05016,0.021293
1.88597,-1.08273,0.0252915
1.88939,-1.11891,0.0303519
1.89089,-1.14462,0.0342755
1.89126,-1.1682,0.0380622
1.89056,-1.18752,0.0411735
1.88537,-1.20288,0.0435945
1.8728,-1.20443,0.0441088
1.8526,-1.19413,0.0471415
1.83508,-1.181,0.053968
1.81697,-1.1686,0.0649967
1.80049,-1.16015,0.076545
1.78818,-1.15633,0.0845719
1.77446,-1.15526,0.0913774
1.76214,-1.15788,0.0954066
1.7532,-1.16195,0.0967115
1.74382,-1.16828,0.0963466
1.7369,-1.17433,0.095058
1.7311,-1.18037,0.0934158
1.72182,-1.18679,0.0910564
1.71279,-1.19319,0.0901683
1.70501,-1.19849,0.0933087
1.70009,-1.2013,0.096912
1.69607,-1.20357,0.099644
1.69194,-1.20599,0.100764
1.68893,-1.20797,0.0997384
1.68653,-1.20947,0.0982254
1.68476,-1.21018,0.0971552
1.68343,-1.20994,0.0966042
1.68212,-1.20924,0.0964167
1.67994,-1.20875,0.0962541
1.67827,-1.20824,0.0957127
1.67639,-1.2074,0.0944093
1.67344,-1.20816,0.0925726
1.66867,-1.21096,0.0897939
1.66462,-1.21302,0.0875862
1.66007,-1.21587,0.086134
1.65448,-1.2199,0.0857983
1.64814,-1.22417,0.0864393
1.6417,-1.22789,0.0877936
1.63247,-1.23203,0.0904684
1.6196,-1.23544,0.0938414
1.60871,-1.23664,0.0952595
1.59394,-1.23641,0.0952596
1.58071,-1.23487,0.0942524
1.56556,-1.23245,0.0923153
1.55949,-1.23339,0.0904414
1.55673,-1.23989,0.0887467
1.5543,-1.24792,0.0867508
1.54892,-1.25428,0.0853974
1.54333,-1.25815,0.0860768
1.53799,-1.26553,0.089211
1.53369,-1.27482,0.0937452
1.5286,-1.2843,0.0999396
1.5239,-1.29244,0.104538
1.51997,-1.29864,0.106817
1.51532,-1.30488,0.107698
1.50986,-1.311,0.107233
1.5058,-1.3151,0.106499
1.50079,-1.31995,0.105501
1.49625,-1.32505,0.104424
1.49182,-1.33015,0.105201
1.48882,-1.33278,0.107712
1.4867,-1.33466,0.109238
1.48425,-1.33709,0.108707
1.48157,-1.34045,0.105848
1.47866,-1.34511,0.102083
1.47651,-1.35057,0.0981108
1.4746,-1.3573,0.0949874
1.47281,-1.36439,0.0929076
1.47101,-1.37093,0.091565
1.469,-1.37758,0.0901971
1.46659,-1.38431,0.0886528
1.46407,-1.39058,0.0869454
1.46193,-1.39556,0.0854047
1.45919,-1.40184,0.0835478
1.45632,-1.40822,0.0819496
1.45542,-1.41434,0.0815817
1.45371,-1.42205,0.0816147
1.45153,-1.43053,0.0815475
1.44811,-1.44305,0.0808577
1.44442,-1.45649,0.0794956
1.43996,-1.47351,0.077457
1.43605,-1.48911,0.0756796
1.43052,-1.51214,0.0734179
1.42531,-1.5351,0.0713617
1.4215,-1.55381,0.0695939
1.41935,-1.57136,0.0670809
1.41777,-1.58966,0.0658463
1.41564,-1.60724,0.0670449
1.41243,-1.62626,0.0688079
1.40863,-1.64462,0.0690604
1.40426,-1.66399,0.0675423
1.39926,-1.68651,0.0641935
1.39279,-1.71519,0.0595666
1.38696,-1.74026,0.0563962
1.38032,-1.76868,0.053957
1.37398,-1.79499,0.0522558
1.36737,-1.82139,0.0508517
1.36058,-1.84761,0.0496251
1.35294,-1.87608,0.0485031
1.34589,-1.90153,0.0477723
1.33885,-1.92648,0.0473532
1.33193,-1.95079,0.0471926
1.32459,-1.97657,0.0472612
1.31952,-1.99455,0.0474077
1.3142,-2.01386,0.0475853
1.30881,-2.03404,0.047702
1.30363,-2.05448,0.0476416
1.29587,-2.08771,0.047148
1.29294,-2.10227,0.0467641
1.29115,-2.11421,0.0464139
1.29036,-2.1231,0.0461384
1.29544,-2.13091,0.0452932
1.3113,-2.1331,0.0429445
1.3399,-2.12929,0.0410014
1.36615,-2.12447,0.0431067
1.36763,-2.11111,0.0476866
1.36516,-2.10032,0.0534629
1.36113,-2.09167,0.0581694
1.35627,-2.08376,0.0629167
1.35035,-2.07488,0.0670371
1.34523,-2.06712,0.0681968
1.34068,-2.0593,0.0673198
1.3368,-2.05095,0.0655372
1.33386,-2.04277,0.064099
1.33118,-2.03309,0.0629448
1.32959,-2.02569,0.0622536
1.32781,-2.01505,0.0612414
1.32636,-2.00392,0.0600081
1.32549,-1.9956,0.0589589
1.3238,-1.97377,0.0561361
1.32324,-1.96229,0.0547409
1.32288,-1.95054,0.0532699
1.32262,-1.93106,0.0509348
1.32259,-1.90954,0.0484036
1.32289,-1.88582,0.0456984
1.32367,-1.84592,0.0414981
1.32428,-1.82164,0.0391826
1.32504,-1.79369,0.0368512
1.32543,-1.7772,0.0356365
1.33267,-1.76424,0.0335105
1.34808,-1.75398,0.0314544
1.3663,-1.74198,0.0298524
1.37814,-1.73289,0.0298402
1.39056,-1.72128,0.0306472
1.39469,-1.70298,0.0316347
1.39502,-1.68396,0.0319491
1.39671,-1.66533,0.0324388
1.40229,-1.64248,0.0319941
1.41138,-1.6173,0.0302368
1.42213,-1.58921,0.0291977
1.43158,-1.56287,0.0301649
1.43924,-1.53962,0.0311081
1.44579,-1.51984,0.0305621
1.45182,-1.49993,0.0306346
1.45553,-1.48535,0.0319922
1.45855,-1.47016,0.0337768
1.46066,-1.45377,0.0347188
1.46157,-1.44028,0.0340766
1.46182,-1.42675,0.032412
1.4614,-1.41171,0.0299715
1.46019,-1.39684,0.0276182
1.46132,-1.38589,0.0254225
1.46542,-1.38158,0.0242155
1.46741,-1.38196,0.0256497
1.46831,-1.38588,0.0282291
1.46866,-1.39101,0.0307936
1.46892,-1.39659,0.0332314
1.46894,-1.40176,0.0349904
1.46859,-1.40573,0.0359491
1.46821,-1.40803,0.0363666
1.46767,-1.41044,0.0366699
1.4671,-1.41242,0.0368716
1.46626,-1.4148,0.0372083
1.46538,-1.41699,0.0377527
1.46426,-1.41968,0.0389341
1.46351,-1.42164,0.0402607
1.46314,-1.42288,0.0415622
1.46299,-1.42374,0.042955
1.46315,-1.42414,0.0443382
1.46359,-1.42397,0.0450608
1.46437,-1.42314,0.0447345
1.46535,-1.42185,0.0432747
1.46706,-1.41929,0.0396422
1.46901,-1.41585,0.0351882
1.47099,-1.41179,0.0307979
1.47311,-1.40687,0.0264791
1.47476,-1.40246,0.0230143
1.4757,-1.40002,0.02167
1.47569,-1.40039,0.0221578
1.47458,-1.40338,0.023297
1.47318,-1.40662,0.0238237
1.47185,-1.40909,0.0234487
1.47151,-1.40896,0.021889
1.47161,-1.40768,0.0201313
1.47181,-1.40654,0.0189042
1.47179,-1.406,0.0181736
1.47188,-1.40538,0.0179148
1.47159,-1.40571,0.0184044
1.47148,-1.40574,0.0193072
1.47112,-1.40631,0.0202906
1.47034,-1.4079,0.0220478
1.47053,-1.4072,0.0214856
1.47058,-1.40695,0.0204337
1.47047,-1.40665,0.0186006
1.47041,-1.40587,0.017315
1.47075,-1.40369,0.0153267
1.47105,-1.40185,0.0129585
1.47084,-1.40129,0.0110584
1.47096,-1.39951,0.00909476
1.47081,-1.39773,0.00731489
1.47063,-1.3958,0.00603073
1.46988,-1.39603,0.0084197
1.47058,-1.39578,0.00992032
1.47089,-1.39596,0.0108962
1.47021,-1.39684,0.0118972
1.46934,-1.39793,0.012879
1.46901,-1.39786,0.0129824
1.4688,-1.39652,0.0124446
1.46881,-1.39537,0.012389
1.46895,-1.39501,0.0126753
1.46874,-1.3952,0.0130668
1.46826,-1.3958,0.0135554
1.4678,-1.39612,0.0134368
1.46724,-1.39556,0.0122952
1.46683,-1.39432,0.0108952
1.46708,-1.39179,0.00866004
1.46782,-1.3875,0.00477208
1.46903,-1.38404,0.00317431
1.47027,-1.38036,0.00144517
1.47043,-1.37964,0.00229555
1.47089,-1.38096,0.00412792
1.471,-1.38254,0.00371294
1.47091,-1.38612,0.00275924
1.47076,-1.3874,-0.000598681
1.47137,-1.38465,-0.00600812
1.47256,-1.37975,-0.0109306
1.474,-1.3721,-0.0166949
1.47516,-1.36136,-0.0225449
1.47656,-1.35247,-0.0266044
1.47937,-1.34056,-0.0313605
1.4831,-1.32831,-0.0358486
1.48831,-1.31521,-0.0406575
1.49316,-1.30554,-0.0445603
1.49956,-1.29493,-0.0496432
1.5053,-1.28646,-0.0550441
1.51006,-1.28006,-0.0606206
1.51479,-1.27476,-0.0662558
1.51769,-1.27211,-0.0701561
1.51941,-1.27072,-0.0731702
1.5203,-1.26968,-0.0762473
1.52018,-1.26807,-0.0791157
1.51953,-1.26548,-0.0811915
1.51835,-1.26065,-0.0832949
1.51708,-1.25485,-0.0849832
1.51558,-1.24645,-0.0869506
1.51473,-1.23517,-0.0891481
1.51422,-1.22369,-0.0906925
1.51429,-1.20589,-0.0923985
1.51461,-1.19222,-0.0936497
1.5153,-1.17357,-0.0950063
1.51598,-1.15103,-0.0965857
1.51655,-1.12971,-0.0978744
1.51644,-1.10731,-0.098764
1.51499,-1.08091,-0.0995426
1.51213,-1.05796,-0.100363
1.50685,-1.03135,-0.101754
1.49746,-0.998367,-0.104216
1.48723,-0.970372,-0.106822
1.47388,-0.93946,-0.109853
1.45885,-0.908726,-0.112584
1.44282,-0.878449,-0.114759
1.42629,-0.848743,-0.116441
1.41103,-0.822304,-0.117647
1.39553,-0.796414,-0.11864
1.3812,-0.773732,-0.119381
1.36306,-0.747106,-0.120136
1.34758,-0.726461,-0.120629
1.32957,-0.704954,-0.121006
1.31072,-0.685254,-0.121256
1.29297,-0.669073,-0.121429
1.27034,-0.651313,-0.121568
1.2511,-0.638323,-0.121653
1.229,-0.625352,-0.121711
1.20851,-0.614773,-0.121716
1.18281,-0.602931,-0.121702
1.16374,-0.594867,-0.121689
1.13709,-0.584271,-0.121568
1.0661,-0.559198,-0.120836
1.04156,-0.550974,-0.120605
1.01209,-0.541079,-0.120293
0.989995,-0.533659,-0.120011
0.963007,-0.524583,-0.119554
0.9409,-0.517226,-0.119076
0.918785,-0.509888,-0.118511
0.88688,-0.499328,-0.11757
0.86002,-0.490265,-0.116642
0.811723,-0.473459,-0.114678
0.737877,-0.447202,-0.111307
0.691,-0.42996,-0.108769
0.667704,-0.421285,-0.107371
0.616706,-0.402162,-0.104166
0.593606,-0.393421,-0.102558
0.568146,-0.383655,-0.100716
0.544918,-0.374582,-0.0989922
0.521564,-0.365326,-0.0972498
0.477151,-0.347565,-0.0938845
0.451265,-0.337254,-0.0918471
0.401441,-0.317688,-0.0878334
0.356324,-0.300302,-0.0840942
0.330164,-0.290265,-0.0818767
0.311104,-0.282891,-0.0802537
0.28724,-0.273568,-0.0782414
0.237349,-0.254043,-0.0740455
0.213605,-0.244837,-0.0719415
0.19214,-0.236456,-0.0700339
0.165809,-0.2261,-0.067673
0.139386,-0.215515,-0.0652804
0.115336,-0.205702,-0.0630692
0.0913163,-0.195669,-0.0608461
0.0672899,-0.185431,-0.0587163
0.0217294,-0.166003,-0.0548701
-0.0045263,-0.154897,-0.0526872
-0.0282993,-0.144844,-0.050695
-0.0544834,-0.133814,-0.0484754
-0.0736036,-0.125783,-0.0468051
-0.0904586,-0.118679,-0.0452768
-0.114782,-0.108427,-0.0430107
-0.166006,-0.0871262,-0.0381224
-0.187919,-0.0778961,-0.0359631
-0.212281,-0.0673562,-0.0336047
-0.239005,-0.0554935,-0.0311111
-0.263184,-0.0445099,-0.028947
-0.284784,-0.03451,-0.0270455
-0.310843,-0.0222887,-0.0247845
-0.333951,-0.011357,-0.022744
-0.356162,-0.000727229,-0.0207102
-0.375122,0.00850172,-0.0188195
-0.392814,0.017274,-0.0168634
-0.410744,0.0264331,-0.0146358
-0.428117,0.0357604,-0.0122838
-0.442945,0.0443126,-0.0101338
-0.454284,0.0514143,-0.0082928
-0.464599,0.0585623,-0.0063788
-0.472228,0.0644829,-0.00469403
-0.477792,0.0693905,-0.00318796
-0.48356,0.0752552,-0.00119264
-0.489429,0.0827873,0.00182931
-0.49099,0.0855818,0.00320136
