-0.0841153,0.0501549,0.0781885
-0.0846194,0.0520151,0.0786335
-0.085091,0.053704,0.0790928
-0.0854794,0.0550223,0.0795289
-0.0859263,0.0564276,0.0800697
-0.0872415,0.0603894,0.0821982
-0.0881882,0.0625262,0.0842552
-0.0885378,0.0634116,0.0858551
-0.0884942,0.0633384,0.08728
-0.0882042,0.0625605,0.0883669
-0.087643,0.0615296,0.0890924
-0.0870079,0.0603082,0.0894517
-0.0866973,0.0589592,0.0896405
-0.0863502,0.0579791,0.0897565
-0.0859902,0.0574247,0.0899099
-0.0858037,0.0567602,0.0898514
-0.0857031,0.0561782,0.0898313
-0.0854848,0.055913,0.0896953
-0.0855997,0.0559,0.0898328
-0.0859935,0.0561377,0.0901732
-0.086407,0.0566889,0.0907149
-0.0868195,0.0578295,0.0914221
-0.0870964,0.0587727,0.0921679
-0.0873743,0.0597157,0.0929168
-0.0876233,0.0605788,0.0933508
-0.0878585,0.0613055,0.0937167
-0.0880694,0.0616737,0.0940701
-0.0880677,0.0617586,0.0942642
-0.0879781,0.0616459,0.0943566
-0.0880365,0.0613237,0.0945135
-0.0879526,0.0611876,0.0946671
-0.0879646,0.0610365,0.0946754
-0.0879656,0.0610668,0.09455
-0.0880468,0.061102,0.0942698
-0.087698,0.0612537,0.09348
-0.0871389,0.0613789,0.092294
-0.0863282,0.0617654,0.0905937
-0.0850677,0.0619429,0.08831
-0.0837697,0.0619175,0.0860618
-0.0824954,0.0615798,0.0834872
-0.0821932,0.0617278,0.0828588
-0.0813571,0.0632109,0.081312
-0.0808706,0.0640274,0.0800095
-0.0806369,0.0643714,0.0791585
-0.0807074,0.0643355,0.0785104
-0.0810252,0.064135,0.0782977
-0.0812863,0.0639046,0.0783753
-0.0816021,0.0637024,0.0784242
-0.0818518,0.0636326,0.0784535
-0.0820397,0.0636301,0.0785404
-0.0821086,0.063429,0.0785777
-0.0820313,0.0632541,0.0783674
-0.0817784,0.063082,0.0781074
-0.0812831,0.0629812,0.0778392
-0.0805661,0.0630065,0.0775504
-0.0797238,0.0631422,0.0770918
-0.0789515,0.0633121,0.0767889
-0.0782236,0.0631255,0.0765744
-0.0778463,0.0626553,0.0766388
-0.0776562,0.0621398,0.0769683
-0.0775397,0.0618164,0.0774775
-0.0776469,0.0616363,0.0784671
-0.0778927,0.0612621,0.0801376
-0.0781399,0.0609378,0.082542
-0.0779306,0.061028,0.0858473
-0.0776537,0.0609594,0.0912706
-0.0773764,0.0602275,0.098717
-0.0772415,0.0580096,0.109669
-0.0771106,0.057394,0.112647
-0.0769166,0.0571153,0.115121
-0.076431,0.0560454,0.126615
-0.0762342,0.0551584,0.139062
-0.0762262,0.0545105,0.150643
-0.0770155,0.0522033,0.190629
-0.0780405,0.0505496,0.21536
-0.080837,0.0471406,0.259573
-0.0830224,0.0449377,0.284613
-0.0860088,0.0423436,0.313226
-0.0890218,0.0399615,0.33973
-0.0927299,0.0372664,0.371083
-0.0957462,0.0351853,0.39658
-0.0992428,0.0328835,0.426683
-0.107362,0.0274188,0.497909
-0.110946,0.0249007,0.53063
-0.114361,0.0224962,0.563634
-0.117958,0.0199329,0.601074
-0.120933,0.0177926,0.633543
-0.124344,0.0153709,0.670379
-0.127126,0.0134487,0.697492
-0.129305,0.0120825,0.716007
-0.136147,0.00797098,0.742198
-0.140422,0.00511907,0.731178
-0.14295,0.0028812,0.705345
-0.143387,0.00200315,0.691803
-0.142741,0.000855166,0.673514
-0.141523,-0.00113204,0.655724
-0.140149,-0.00258334,0.645288
-0.138003,-0.00433262,0.635689
-0.135919,-0.00582555,0.62964
-0.133414,-0.00758486,0.623896
-0.131835,-0.00966823,0.620146
-0.131347,-0.0110856,0.618394
-0.131493,-0.0123162,0.617655
-0.132334,-0.0135477,0.617418
-0.133997,-0.0149545,0.617466
-0.136957,-0.0175629,0.618284
-0.137619,-0.0182253,0.618666
-0.137962,-0.0185533,0.619186
-0.137943,-0.0185108,0.619728
-0.137573,-0.0180862,0.620415
-0.13688,-0.0173282,0.621141
-0.135981,-0.0163473,0.621846
-0.134852,-0.0150653,0.622646
-0.133411,-0.0133672,0.623666
-0.132227,-0.0118679,0.624535
-0.13099,-0.0102173,0.625502
-0.129399,-0.0079494,0.626895
-0.128078,-0.00585398,0.628251
-0.12684,-0.00367329,0.629719
-0.125733,-0.0014327,0.631321
-0.124885,0.000610192,0.632803
-0.123977,0.00330738,0.634684
-0.123298,0.00574442,0.63619
-0.122796,0.00825042,0.63746
-0.122406,0.0107867,0.638442
-0.122143,0.0133367,0.639204
-0.122014,0.0161814,0.639884
-0.122015,0.0186824,0.640465
-0.122125,0.0211805,0.641079
-0.122397,0.0239373,0.641795
-0.122827,0.0263812,0.642463
-0.12346,0.0288631,0.64316
-0.124354,0.0313593,0.643873
-0.125808,0.0344263,0.644768
-0.127463,0.0370789,0.645593
-0.129461,0.0396491,0.646468
-0.131822,0.0421073,0.64739
-0.1346,0.0444762,0.648376
-0.137822,0.0467277,0.64943
-0.141935,0.0491132,0.650701
-0.145656,0.0509264,0.651789
-0.1493,0.0524967,0.652789
-0.153864,0.0542577,0.653936
-0.158799,0.0560041,0.655113
-0.16469,0.0579359,0.656403
-0.171602,0.0600042,0.657772
-0.1774,0.0616046,0.658793
-0.184188,0.0633218,0.659854
-0.190434,0.0647126,0.66072
-0.196067,0.0658281,0.661429
-0.203488,0.0670953,0.662302
-0.211072,0.0681022,0.663185
-0.217112,0.0686901,0.663896
-0.226835,0.0692286,0.665024
-0.234075,0.0693092,0.665905
-0.242442,0.0690699,0.666941
-0.250116,0.068577,0.667875
-0.259101,0.0676874,0.668873
-0.268377,0.0664601,0.669805
-0.275799,0.0652696,0.670503
-0.283365,0.0638778,0.671155
-0.293282,0.0618423,0.67191
-0.303377,0.0595357,0.672575
-0.312495,0.0572593,0.673091
-0.324053,0.0540854,0.673626
-0.33225,0.051648,0.673933
-0.342917,0.0482644,0.674304
-0.352451,0.0450268,0.674585
-0.363237,0.0411617,0.674841
-0.372863,0.0375072,0.67504
-0.383719,0.0332005,0.675256
-0.393308,0.0291808,0.675444
-0.405225,0.0238537,0.675687
-0.415862,0.0187692,0.675908
-0.4252,0.0139209,0.676077
-0.433271,0.00937951,0.676225
-0.443505,0.0031496,0.676443
-0.452426,-0.00276864,0.676589
-0.462203,-0.00976252,0.676732
-0.471673,-0.0170386,0.676897
-0.479822,-0.0237277,0.67712
-0.488722,-0.0315395,0.677404
-0.497377,-0.0395495,0.677714
-0.506681,-0.0486333,0.678153
-0.514702,-0.0569629,0.678639
-0.522325,-0.0653515,0.679165
-0.529557,-0.0737903,0.679785
-0.53641,-0.0822747,0.680477
-0.542203,-0.0898014,0.681118
-0.549079,-0.0990611,0.681879
-0.554271,-0.106345,0.682449
-0.559726,-0.114331,0.683051
-0.565203,-0.121711,0.68357
-0.569022,-0.124875,0.683721
-0.578001,-0.12829,0.684
-0.58806,-0.129065,0.684971
-0.598694,-0.128569,0.687317
-0.60826,-0.127968,0.690768
-0.617162,-0.127648,0.694901
-0.623372,-0.127825,0.697575
-0.627946,-0.128513,0.698962
-0.630977,-0.129776,0.69914
-0.632513,-0.131659,0.698551
-0.63275,-0.134137,0.697709
-0.63189,-0.137195,0.697092
-0.630237,-0.140742,0.696894
-0.627835,-0.145239,0.697115
-0.625578,-0.149557,0.697525
-0.622507,-0.154789,0.697935
-0.618511,-0.156198,0.697726
-0.611263,-0.154518,0.696947
-0.598945,-0.148362,0.69606
-0.585114,-0.140153,0.696435
-0.570966,-0.131799,0.699027
-0.557098,-0.124509,0.704266
-0.546073,-0.119908,0.710287
-0.539378,-0.117998,0.714035
-0.533616,-0.117363,0.716596
-0.529315,-0.118252,0.717015
-0.527171,-0.120389,0.715577
-0.52692,-0.122904,0.713866
-0.528247,-0.125932,0.712312
-0.53029,-0.128024,0.711707
-0.532633,-0.128876,0.711797
-0.535923,-0.128091,0.712747
-0.538933,-0.12619,0.713698
-0.542797,-0.123156,0.714529
-0.54653,-0.119855,0.714931
-0.550934,-0.115765,0.715034
-0.554967,-0.112029,0.715048
-0.558496,-0.108839,0.715047
-0.563944,-0.104325,0.715159
-0.567303,-0.101928,0.715303
-0.571427,-0.0994384,0.715525
-0.574886,-0.0978032,0.715752
-0.57817,-0.0966789,0.715996
-0.582069,-0.0959113,0.716303
-0.585064,-0.0957062,0.716529
-0.588331,-0.0958069,0.71677
-0.591164,-0.0960878,0.716986
-0.5943,-0.0965325,0.717275
-0.597032,-0.0970244,0.717574
-0.599726,-0.0975515,0.717866
-0.602713,-0.0981464,0.71819
-0.605004,-0.0985482,0.718436
-0.607847,-0.0989246,0.718763
-0.612479,-0.099448,0.719466
-0.614708,-0.0995222,0.71997
-0.616317,-0.0993652,0.720398
-0.618125,-0.0989486,0.720941
-0.620272,-0.0982198,0.721655
-0.622732,-0.0971571,0.722462
-0.625318,-0.0958366,0.723215
-0.628388,-0.0940722,0.72401
-0.632543,-0.0914589,0.725007
-0.637568,-0.0880819,0.726115
-0.64424,-0.0833334,0.727449
-0.651308,-0.0780385,0.728693
-0.659425,-0.0717221,0.729913
-0.668527,-0.0643596,0.731019
-0.67736,-0.0570157,0.731818
-0.686717,-0.0489463,0.732464
-0.699061,-0.0380229,0.733129
-0.707985,-0.0299308,0.733523
-0.718315,-0.020329,0.733917
-0.730093,-0.00916921,0.734294
-0.740527,0.00100702,0.734554
-0.750737,0.0113081,0.734753
-0.760594,0.0215794,0.734903
-0.771045,0.0328537,0.735063
-0.779568,0.0424206,0.735236
-0.786277,0.0503117,0.735426
-0.800429,0.0678284,0.735983
-0.805903,0.0748888,0.736131
-0.810427,0.0809871,0.736133
-0.813861,0.0857223,0.736061
-0.817271,0.0904203,0.735947
-0.820067,0.0941385,0.735843
-0.822773,0.0975751,0.735714
-0.825482,0.100852,0.735581
-0.834895,0.111003,0.735307
-0.841934,0.116971,0.735332
-0.844033,0.118651,0.735373
-0.846654,0.120815,0.7355
-0.84956,0.123242,0.735715
-0.8523,0.125665,0.735977
-0.861611,0.134051,0.736965
-0.873436,0.145107,0.738391
-0.884417,0.15608,0.740172
-0.891436,0.163447,0.741748
-0.893538,0.165867,0.742284
-0.895216,0.168082,0.742786
-0.896923,0.170649,0.743365
-0.898808,0.172287,0.743718
-0.901711,0.173124,0.74394
-0.905172,0.173105,0.744268
-0.908785,0.172631,0.744981
-0.912702,0.172136,0.746543
-0.91525,0.172062,0.747994
-0.917631,0.1724,0.749444
-0.919608,0.17293,0.750238
-0.921379,0.173522,0.750494
-0.925622,0.174881,0.750459
-0.928094,0.175602,0.750424
-0.930858,0.17643,0.750512
-0.933613,0.17727,0.750641
-0.94331,0.179939,0.750785
-0.949717,0.182364,0.750787
-0.953278,0.184008,0.750731
-0.956682,0.185715,0.750736
-0.960327,0.187652,0.750864
-0.965162,0.19033,0.751194
-0.969256,0.1926,0.75162
-0.977921,0.197236,0.752875
-0.988044,0.201774,0.754724
-0.999185,0.206172,0.757174
-1.0086,0.209743,0.759709
-1.0136,0.211801,0.761301
-1.02436,0.216736,0.765358
-1.0296,0.219508,0.767583
-1.03557,0.223311,0.770383
-1.04182,0.227911,0.773588
-1.04763,0.232837,0.776821
-1.05362,0.238674,0.780443
-1.06084,0.246524,0.785049
-1.06845,0.254059,0.78963
-1.07569,0.252654,0.79111
-1.08525,0.251923,0.792868
-1.09287,0.252069,0.794319
-1.10137,0.253249,0.79569
-1.10938,0.255322,0.796384
-1.11767,0.258594,0.796044
-1.12343,0.261659,0.794808
-1.12989,0.265995,0.792208
-1.13552,0.270675,0.788986
-1.1396,0.27546,0.785928
-1.14345,0.280679,0.782816
-1.14725,0.284173,0.780312
-1.15011,0.286869,0.778704
-1.1541,0.291062,0.776931
-1.15722,0.294716,0.77601
-1.1604,0.298913,0.775415
-1.16363,0.303618,0.775016
-1.1677,0.310222,0.774507
-1.17111,0.315544,0.774233
-1.17488,0.321906,0.773613
-1.17827,0.328511,0.772441
-1.18079,0.334408,0.771038
-1.1828,0.340191,0.769447
-1.18443,0.345589,0.767921
-1.18597,0.350284,0.766654
-1.18713,0.354576,0.765595
-1.18827,0.358605,0.764579
-1.18909,0.361629,0.763927
-1.18967,0.364195,0.763217
-1.19004,0.36659,0.762284
-1.19009,0.368502,0.761209
-1.18993,0.37026,0.759888
-1.18966,0.371517,0.758653
-1.18933,0.372573,0.757346
-1.18907,0.373276,0.756213
-1.18884,0.373823,0.75521
-1.18828,0.374797,0.753884
-1.18701,0.376566,0.751579
-1.18656,0.37746,0.750659
-1.18494,0.3803,0.747969
-1.18533,0.380629,0.748049
-1.18673,0.379677,0.749299
-1.18803,0.377973,0.751013
-1.18862,0.376296,0.751931
-1.18888,0.374521,0.752675
-1.18885,0.373486,0.753056
-1.18867,0.372519,0.753307
-1.18841,0.371803,0.753412
-1.188,0.37102,0.753413
-1.18705,0.369469,0.753175
-1.18598,0.367602,0.752756
-1.18476,0.365076,0.75215
-1.18372,0.362312,0.75155
-1.18335,0.361057,0.751298
-1.18309,0.359821,0.751071
-1.18305,0.358891,0.750948
-1.183,0.357072,0.750541
-1.18298,0.356288,0.750387
-1.18305,0.355406,0.750333
-1.18287,0.354191,0.750144
-1.18268,0.353586,0.750047
-1.18231,0.352211,0.750254
-1.1825,0.351514,0.750782
-1.18262,0.350938,0.751288
-1.18268,0.350419,0.751811
-1.18242,0.349177,0.753142
-1.18218,0.348354,0.753966
-1.18192,0.347529,0.754807
-1.1817,0.346672,0.755649
-1.18145,0.345722,0.756542
-1.18083,0.343337,0.758472
-1.18037,0.341632,0.759625
-1.17963,0.340169,0.760274
-1.17879,0.338461,0.760938
-1.17808,0.336863,0.761452
-1.17718,0.334611,0.762097
-1.17657,0.333048,0.762532
-1.17594,0.331428,0.762991
-1.1753,0.329858,0.763491
-1.17437,0.327692,0.764417
-1.17354,0.325718,0.765412
-1.17262,0.323983,0.766399
-1.17165,0.322397,0.76716
-1.17071,0.321111,0.76769
-1.17007,0.320472,0.768021
-1.16876,0.319584,0.768552
-1.16716,0.318683,0.769196
-1.16512,0.317358,0.77014
-1.16367,0.316456,0.770948
-1.16264,0.315678,0.771739
-1.16197,0.314921,0.77266
-1.16145,0.314224,0.773695
-1.16056,0.313991,0.773997
-1.15932,0.313593,0.774625
-1.15883,0.313326,0.775371
-1.15934,0.312378,0.777535
-1.15807,0.312108,0.778292
-1.15695,0.311775,0.779352
-1.15651,0.31162,0.78014
-1.15633,0.311387,0.781519
-1.15691,0.310629,0.783494
-1.15721,0.310456,0.783995
-1.15838,0.310129,0.785362
-1.15893,0.310053,0.785896
-1.15852,0.310198,0.786109
-1.15744,0.310675,0.786603
-1.15693,0.310929,0.786865
-1.15653,0.311189,0.787029
-1.15602,0.311656,0.787075
-1.15568,0.312231,0.786811
-1.15557,0.313168,0.785988
-1.15582,0.3143,0.78473
-1.1566,0.315988,0.782932
-1.15777,0.317896,0.781137
-1.15963,0.320498,0.778961
-1.16133,0.324096,0.776644
-1.16289,0.326938,0.775037
-1.16527,0.330935,0.773025
-1.16768,0.334782,0.771254
-1.17033,0.338858,0.769456
-1.17387,0.344194,0.76702
-1.17645,0.348014,0.765173
-1.17918,0.352933,0.762622
-1.18156,0.357197,0.760244
-1.1841,0.361828,0.757567
-1.18613,0.365698,0.755208
-1.18796,0.369166,0.752989
-1.18934,0.371846,0.751164
-1.19066,0.374422,0.749246
-1.19166,0.376414,0.747539
-1.19239,0.377887,0.745831
-1.19274,0.3786,0.744288
-1.19281,0.378635,0.743038
-1.19269,0.37806,0.741817
-1.19247,0.377132,0.740923
-1.19216,0.375715,0.740235
-1.19198,0.37448,0.739928
-1.19187,0.372901,0.739751
-1.19183,0.371662,0.739475
-1.19214,0.371024,0.738747
-1.19265,0.371093,0.737389
-1.19335,0.372033,0.735168
-1.19414,0.373834,0.73262
-1.19477,0.375807,0.73067
-1.19525,0.378853,0.728185
-1.19685,0.382563,0.726129
-1.19743,0.385464,0.724617
-1.19778,0.389419,0.722652
-1.19744,0.394251,0.720343
-1.19687,0.399179,0.718283
-1.19845,0.400946,0.715686
-1.19989,0.40229,0.71371
-1.20133,0.4043,0.711382
-1.20199,0.405981,0.709501
-1.20391,0.405241,0.707614
-1.20513,0.403815,0.70615
-1.20574,0.401216,0.704584
-1.20531,0.39838,0.703673
-1.20445,0.395528,0.703272
-1.20292,0.391734,0.702954
-1.20096,0.387012,0.702801
-1.19919,0.3824,0.70296
-1.19732,0.377474,0.703145
-1.19469,0.370204,0.703954
-1.19254,0.363917,0.704981
-1.19084,0.35887,0.705898
-1.18889,0.353011,0.706997
-1.18696,0.347046,0.708061
-1.18502,0.341211,0.708895
-1.18267,0.335328,0.709602
-1.17997,0.329499,0.710263
-1.177,0.32349,0.711008
-1.17404,0.318004,0.712048
-1.1714,0.313436,0.713359
-1.1693,0.30992,0.714941
-1.16773,0.30745,0.716677
-1.16651,0.305688,0.718774
-1.16549,0.304522,0.721043
-1.16446,0.303762,0.723659
-1.16338,0.303204,0.726217
-1.16197,0.302646,0.728387
-1.161,0.301905,0.730249
-1.15978,0.301328,0.73184
-1.15834,0.300771,0.733623
-1.15697,0.300619,0.735491
-1.15445,0.300358,0.738179
-1.1538,0.299539,0.739114
-1.15297,0.298084,0.740331
-1.15213,0.297022,0.74158
-1.1521,0.296501,0.742445
-1.15301,0.296367,0.743093
-1.15466,0.296164,0.74374
-1.15644,0.296157,0.744061
-1.15917,0.296345,0.744101
-1.16112,0.296652,0.744044
-1.16258,0.297485,0.744064
-1.16354,0.29848,0.744301
-1.16371,0.299879,0.745026
-1.16359,0.30095,0.745437
-1.16318,0.302177,0.745901
-1.16365,0.30282,0.74538
-1.16407,0.303211,0.744372
-1.164,0.302923,0.743353
-1.16338,0.302406,0.742782
-1.16274,0.301675,0.742136
-1.16194,0.30075,0.741453
-1.16124,0.299913,0.740706
-1.16106,0.299687,0.739902
-1.16145,0.299907,0.738688
-1.16242,0.300444,0.737239
-1.16406,0.301248,0.735559
-1.16682,0.30251,0.733492
-1.16999,0.303712,0.731187
-1.17481,0.30534,0.728148
-1.17927,0.306379,0.725458
-1.18514,0.307141,0.722025
-1.19265,0.307187,0.717682
-1.20105,0.306022,0.713015
-1.20931,0.304161,0.708638
-1.21815,0.301398,0.704156
-1.22625,0.298328,0.700271
-1.23692,0.293575,0.69534
-1.2465,0.288797,0.691154
-1.25484,0.284319,0.687675
-1.26427,0.279012,0.683925
-1.27468,0.272931,0.679958
-1.28375,0.267591,0.67663
-1.29362,0.261759,0.673143
-1.30299,0.256164,0.669895
-1.31163,0.25084,0.666895
-1.31847,0.246361,0.664406
-1.32368,0.242656,0.662355
-1.32862,0.238621,0.660178
-1.33279,0.234272,0.657895
-1.33657,0.226057,0.653516
-1.33654,0.222927,0.651831
-1.3356,0.219401,0.649889
-1.3333,0.215212,0.64748
-1.33038,0.211774,0.645389
-1.32731,0.209054,0.643621
-1.32355,0.206459,0.641752
-1.31654,0.202983,0.638792
-1.31255,0.201593,0.637257
-1.30901,0.200621,0.635946
-1.30544,0.199869,0.634675
-1.30075,0.199199,0.63318
-1.2972,0.198885,0.632208
-1.29161,0.198588,0.630954
-1.28516,0.19851,0.629881
-1.27928,0.198615,0.629129
-1.27081,0.199007,0.628264
-1.26405,0.19947,0.627699
-1.25546,0.200236,0.627069
-1.24592,0.201309,0.62642
-1.23265,0.203172,0.625508
-1.21805,0.205692,0.624524
-1.20711,0.207883,0.623853
-1.19055,0.211665,0.623004
-1.17498,0.215707,0.622375
-1.16529,0.219018,0.621891
-1.16091,0.223262,0.621299
-1.16243,0.228142,0.621452
-1.16435,0.235125,0.621623
-1.16333,0.242353,0.622692
-1.15841,0.25154,0.624286
-1.15034,0.26078,0.626741
-1.13708,0.272588,0.631747
-1.12289,0.284654,0.636785
-1.12118,0.275246,0.638383
-1.12277,0.261814,0.639033
-1.12492,0.252223,0.639953
-1.1265,0.242225,0.643392
-1.12663,0.235704,0.647653
-1.1256,0.230641,0.652223
-1.12311,0.226478,0.656452
-1.1203,0.223574,0.659073
-1.11648,0.222313,0.660574
-1.11194,0.221217,0.661084
-1.10603,0.222547,0.660037
-1.10045,0.223885,0.658003
-1.0955,0.225317,0.6557
-1.09075,0.227247,0.653518
-1.08662,0.228158,0.651869
-1.08268,0.230602,0.65046
-1.08057,0.231831,0.649028
-1.07924,0.232415,0.648462
-1.07889,0.233161,0.647898
-1.07954,0.232772,0.6467
-1.07959,0.233977,0.645438
-1.08054,0.236163,0.643716
-1.082,0.238866,0.642215
-1.08559,0.238598,0.640261
-1.08889,0.240804,0.63926
-1.09234,0.245141,0.638482
-1.09802,0.252436,0.637346
-1.10621,0.25634,0.633637
-1.11382,0.257759,0.629088
-1.12535,0.260488,0.621469
-1.13561,0.265569,0.615613
-1.1448,0.271618,0.610591
-1.15129,0.277188,0.607834
-1.15949,0.285092,0.605852
-1.16676,0.291957,0.605635
-1.17475,0.298405,0.606247
-1.18194,0.302594,0.606519
-1.18846,0.305031,0.606006
-1.19738,0.306533,0.604106
-1.20596,0.306431,0.601504
-1.21524,0.305145,0.598509
-1.22652,0.302478,0.595085
-1.23858,0.298716,0.591986
-1.25128,0.294153,0.589276
-1.26299,0.289567,0.587139
-1.27648,0.283987,0.584889
-1.28865,0.278749,0.582939
-1.30247,0.272629,0.580774
-1.31478,0.266974,0.578838
-1.33019,0.259654,0.576451
-1.35492,0.24736,0.572921
-1.36573,0.241807,0.571494
-1.37802,0.235312,0.569924
-1.39177,0.227948,0.568234
-1.4039,0.221425,0.566765
-1.41585,0.215022,0.565316
-1.43039,0.207246,0.563524
-1.44152,0.201258,0.562141
-1.45327,0.194827,0.560622
-1.46284,0.189376,0.559354
-1.47141,0.184232,0.558166
-1.47972,0.178791,0.557007
-1.48654,0.173701,0.556289
-1.49091,0.170008,0.555793
-1.49495,0.166067,0.555086
-1.49802,0.162439,0.554132
-1.50017,0.159144,0.55293
-1.50147,0.156179,0.551598
-1.50207,0.152873,0.549917
-1.50192,0.150809,0.548824
-1.50126,0.148712,0.547704
-1.50003,0.146633,0.546585
-1.49881,0.145169,0.545799
-1.49725,0.143645,0.544983
-1.49533,0.142078,0.544158
-1.49347,0.140836,0.543442
-1.49148,0.139721,0.542754
-1.48908,0.138595,0.542013
-1.48682,0.137688,0.54139
-1.48412,0.136736,0.54071
-1.48191,0.136022,0.540168
-1.47926,0.1352,0.539544
-1.47614,0.134196,0.538812
-1.47363,0.133364,0.538266
-1.47029,0.132219,0.537613
-1.46726,0.131166,0.537069
-1.46422,0.13002,0.536563
-1.46159,0.128948,0.536128
-1.45824,0.127505,0.535578
-1.45533,0.126089,0.53511
-1.45245,0.124518,0.534637
-1.44925,0.122576,0.534126
-1.44646,0.120647,0.533745
-1.44337,0.118234,0.533405
-1.441,0.11619,0.533222
-1.43861,0.114012,0.533117
-1.43587,0.111458,0.533078
-1.4328,0.108571,0.533116
-1.43076,0.106693,0.533163
-1.42802,0.104282,0.533245
-1.42016,0.0974586,0.533825
-1.41248,0.0904492,0.535115
-1.40972,0.0876594,0.535795
-1.40775,0.0854582,0.536349
-1.40339,0.079901,0.53772
-1.40125,0.076932,0.538517
-1.39789,0.0721406,0.539994
-1.39572,0.0691078,0.541026
-1.39395,0.0668406,0.541855
-1.38684,0.0580005,0.545204
-1.38486,0.0555912,0.54603
-1.38257,0.0530026,0.546822
-1.37967,0.0498943,0.547679
-1.37691,0.0470395,0.548432
-1.37363,0.0438429,0.549301
-1.37021,0.0406958,0.550181
-1.36663,0.0376445,0.55105
-1.36376,0.0353716,0.551686
-1.36084,0.0331833,0.552268
-1.35703,0.030443,0.552923
-1.35365,0.0280255,0.55343
-1.35025,0.0255624,0.553921
-1.34003,0.017101,0.555344
-1.33669,0.013634,0.555916
-1.33089,0.00645393,0.557141
-1.32796,0.00245014,0.557725
-1.32547,-0.00114004,0.558241
-1.32284,-0.00518669,0.558832
-1.32063,-0.00874113,0.55937
-1.3188,-0.0118313,0.559894
-1.31663,-0.0158255,0.56063
-1.31481,-0.0194675,0.561369
-1.31301,-0.023205,0.562199
-1.31141,-0.0265594,0.562987
-1.30944,-0.0304506,0.563956
-1.30691,-0.0347033,0.565106
-1.30467,-0.0378045,0.565968
-1.30143,-0.0413821,0.567054
-1.29778,-0.0442913,0.568171
-1.2942,-0.0461661,0.569189
-1.29028,-0.047232,0.570215
-1.28488,-0.0473361,0.571589
-1.27373,-0.0437543,0.57409
-1.26686,-0.03976,0.575421
-1.26107,-0.0356208,0.576403
-1.25427,-0.0300845,0.57744
-1.24798,-0.0244776,0.578312
-1.24073,-0.0175208,0.579267
-1.23413,-0.0108694,0.580118
-1.22737,-0.00385814,0.580992
-1.22136,0.00247512,0.581764
-1.21354,0.0107333,0.582742
-1.20657,0.0179777,0.583642
-1.19878,0.0257388,0.584738
-1.19282,0.0313121,0.58566
-1.18616,0.036955,0.586797
-1.18053,0.0411245,0.587825
-1.17358,0.0452621,0.589148
-1.16237,0.0489101,0.591308
-1.15787,0.048912,0.592125
-1.15354,0.0479485,0.592872
-1.14824,0.0455024,0.593721
-1.14375,0.0424395,0.594409
-1.1389,0.0381808,0.59515
-1.13358,0.0326645,0.595985
-1.12978,0.0284449,0.596572
-1.1247,0.0226906,0.597341
-1.11921,0.0166,0.598122
-1.11386,0.0109285,0.598812
-1.10731,0.00431831,0.599484
-1.10022,-0.00251579,0.599963
-1.09442,-0.00789913,0.600224
-1.08761,-0.0140668,0.600459
-1.08077,-0.0201846,0.600696
-1.07593,-0.0263225,0.60066
-1.07593,-0.0315294,0.600404
-1.07738,-0.0353269,0.601015
-1.07895,-0.0398852,0.603644
-1.07917,-0.0438438,0.608494
-1.07895,-0.0465195,0.612634
-1.07905,-0.0495247,0.61682
-1.07951,-0.0519399,0.619011
-1.07968,-0.0533351,0.619874
-1.07918,-0.0536929,0.620449
-1.0781,-0.0525802,0.621218
-1.07672,-0.0502235,0.622096
-1.07477,-0.0460878,0.623179
-1.07293,-0.0417944,0.624004
-1.07055,-0.0358368,0.624852
-1.06793,-0.028843,0.625505
-1.06412,-0.0188834,0.626071
-1.06035,-0.0101293,0.626245
-1.05593,-0.000846074,0.626252
-1.05091,0.00878336,0.626143
-1.0454,0.0186055,0.626015
-1.03948,0.028471,0.625883
-1.03333,0.0382097,0.625753
-1.02636,0.0488519,0.625676
-1.01955,0.0589753,0.62571
-1.01325,0.0684375,0.625907
-1.00777,0.0771477,0.626255
-1.00383,0.0842451,0.626656
-1.00115,0.0899267,0.627022
-0.999033,0.095851,0.627405
-0.997809,0.101775,0.627761
-0.997617,0.106445,0.628023
-0.998318,0.111509,0.628331
-0.99936,0.115074,0.628644
-1.00057,0.11834,0.62905
-1.00166,0.121516,0.629589
-1.00248,0.125222,0.630388
-1.00252,0.129371,0.631381
-1.00014,0.138277,0.633276
-0.997411,0.144326,0.634105
-0.994234,0.150379,0.634637
-0.99043,0.156904,0.63503
-0.986681,0.162844,0.635306
-0.980761,0.171364,0.635705
-0.976307,0.177092,0.636067
-0.970939,0.183101,0.636576
-0.965295,0.188288,0.637199
-0.958602,0.192863,0.637984
-0.952257,0.195561,0.638741
-0.943841,0.195949,0.639329
-0.934301,0.193648,0.639234
-0.921518,0.188688,0.638796
-0.908758,0.183063,0.638628
-0.894977,0.176638,0.63886
-0.878532,0.168698,0.639499
-0.863251,0.161224,0.640169
-0.849529,0.15448,0.640666
-0.83159,0.145617,0.641086
-0.813519,0.136599,0.641316
-0.779422,0.119188,0.641544
-0.76343,0.110878,0.641697
-0.74548,0.101566,0.641948
-0.729567,0.0933836,0.642234
-0.711809,0.0842998,0.642594
-0.696252,0.0763933,0.642916
-0.680962,0.0686716,0.643248
-0.666147,0.0612024,0.643646
-0.650261,0.0532519,0.644223
-0.637064,0.0467468,0.644884
-0.623441,0.0402941,0.645752
-0.609945,0.0344226,0.646763
-0.598099,0.0301572,0.647801
-0.589649,0.0280343,0.648639
-0.581033,0.0271156,0.64959
-0.573944,0.0277212,0.650471
-0.565517,0.0303988,0.651565
-0.558959,0.0339898,0.652346
-0.551572,0.0394433,0.653082
-0.54407,0.0462007,0.653659
-0.536433,0.054104,0.654145
-0.528613,0.0630235,0.654611
-0.521538,0.0716216,0.655067
-0.51346,0.0818914,0.655652
-0.506192,0.0914306,0.656222
-0.497976,0.102518,0.656914
-0.491585,0.111341,0.657474
-0.482547,0.124056,0.658296
-0.474584,0.135456,0.659013
-0.468534,0.144124,0.659547
-0.461007,0.154771,0.660227
-0.455384,0.162509,0.660764
-0.448499,0.171487,0.661489
-0.442743,0.178388,0.66218
-0.431214,0.189669,0.663724
-0.426239,0.193072,0.664392
-0.421662,0.19514,0.665049
-0.41833,0.195916,0.665584
-0.41432,0.195956,0.666301
-0.41054,0.195123,0.667089
-0.407387,0.1938,0.667881
-0.404061,0.19182,0.668848
-0.400926,0.189442,0.669924
-0.397995,0.186876,0.671055
-0.395252,0.184237,0.672255
-0.391164,0.179717,0.674444
-0.384926,0.171142,0.678387
-0.379571,0.162728,0.682206
-0.372963,0.151865,0.68688
-0.370256,0.147405,0.688934
-0.365612,0.139377,0.692999
-0.362773,0.133603,0.696534
-0.36094,0.128616,0.699556
-0.359706,0.124793,0.701391
-0.357938,0.121145,0.702469
-0.355827,0.11899,0.702792
-0.353002,0.117456,0.703128
-0.350498,0.116233,0.703928
-0.348726,0.115308,0.704847
-0.347059,0.114737,0.706082
-0.345503,0.114367,0.707903
-0.345,0.11413,0.709465
-0.345262,0.11378,0.710565
-0.34629,0.113433,0.711053
-0.347454,0.113546,0.711165
-0.348132,0.113753,0.711211
-0.350943,0.114703,0.711379
-0.35393,0.115527,0.711364
-0.357041,0.116686,0.71102
-0.358247,0.117422,0.710996
-0.359625,0.11859,0.711351
-0.361029,0.119529,0.711778
-0.362958,0.120083,0.712482
-0.364196,0.120422,0.71285
-0.364796,0.120698,0.712988
-0.365557,0.121153,0.71312
-0.368126,0.122697,0.713396
-0.370749,0.123902,0.713767
-0.372882,0.125144,0.714001
-0.374475,0.126478,0.713886
-0.376061,0.127871,0.713707
-0.378654,0.129639,0.713742
-0.381788,0.130785,0.713652
-0.386897,0.132135,0.713411
-0.39236,0.133218,0.71356
-0.398462,0.134262,0.71399
-0.405317,0.134937,0.714648
-0.411784,0.135292,0.715303
-0.413815,0.135546,0.715566
-0.416698,0.136247,0.716002
-0.417906,0.136758,0.716256
-0.419828,0.138013,0.716834
-0.422394,0.139833,0.717412
-0.423728,0.140788,0.717605
-0.424384,0.141376,0.717727
-0.426843,0.143538,0.718281
-0.43012,0.145622,0.718255
-0.432814,0.147446,0.718243
-0.436141,0.150351,0.71782
-0.438459,0.153838,0.716826
-0.439924,0.157293,0.715984
-0.440898,0.160159,0.715535
-0.44176,0.163439,0.715433
-0.442607,0.166835,0.715701
-0.443478,0.170839,0.716271
-0.444265,0.174771,0.716844
-0.444834,0.17833,0.717688
-0.445877,0.182568,0.718701
-0.447092,0.18583,0.719554
-0.448572,0.188959,0.719466
-0.450075,0.192696,0.719637
-0.451253,0.195677,0.719442
-0.452175,0.197805,0.719289
-0.453506,0.201141,0.719206
-0.453931,0.202779,0.719308
-0.454092,0.20408,0.719438
-0.454127,0.205832,0.719638
-0.454049,0.207515,0.719923
-0.453888,0.209074,0.720255
-0.45336,0.212437,0.721144
-0.451957,0.217445,0.722663
-0.450719,0.220011,0.724024
-0.44912,0.221961,0.726444
-0.447917,0.222423,0.728119
-0.447407,0.222486,0.728857
-0.446849,0.222507,0.729647
-0.446093,0.22245,0.730614
-0.445123,0.222249,0.73161
-0.443826,0.22184,0.732612
-0.442074,0.221148,0.733607
-0.439964,0.220244,0.734497
-0.436833,0.218917,0.735505
-0.432738,0.217241,0.73653
-0.427521,0.215202,0.73757
-0.420234,0.212498,0.738698
-0.395753,0.203717,0.741026
-0.385491,0.200104,0.741512
-0.374251,0.196233,0.741841
-0.360605,0.191649,0.742068
-0.347744,0.187411,0.742214
-0.332642,0.182496,0.742339
-0.31882,0.178049,0.742476
-0.304741,0.17359,0.742632
-0.285212,0.167435,0.742877
-0.269252,0.162433,0.743084
-0.253581,0.157502,0.743264
-0.236734,0.152155,0.743482
-0.223946,0.148021,0.743661
-0.209122,0.143158,0.743977
-0.198481,0.139601,0.744295
-0.186937,0.13565,0.744728
-0.178314,0.13264,0.745096
-0.17204,0.130442,0.745418
-0.166467,0.128519,0.745736
-0.162684,0.127245,0.745996
-0.159289,0.126105,0.74631
-0.157399,0.125506,0.746554
-0.156098,0.125111,0.746765
-0.155149,0.124837,0.746938
-0.154745,0.124759,0.746998
-0.154566,0.124754,0.747013
-0.154509,0.124834,0.747029
-0.1545,0.125024,0.747066
-0.154394,0.12535,0.747118
-0.154112,0.126015,0.747174
-0.153706,0.126829,0.747227
-0.152887,0.128395,0.747307
-0.152094,0.129839,0.747345
-0.150997,0.131693,0.747337
-0.149541,0.133806,0.747315
-0.146851,0.137018,0.747204
-0.142776,0.140129,0.747041
-0.141176,0.140781,0.747049
-0.138191,0.141251,0.747142
-0.137088,0.141282,0.747292
-0.136112,0.141221,0.747558
-0.135339,0.141126,0.747914
-0.13486,0.14102,0.74829
-0.134523,0.140944,0.748676
-0.134369,0.140957,0.748944
-0.134244,0.141058,0.749385
-0.134182,0.141234,0.749773
-0.134129,0.141508,0.750158
-0.134055,0.141844,0.750479
-0.13389,0.142337,0.750791
-0.133627,0.142931,0.751038
-0.133228,0.143712,0.751348
-0.132749,0.144544,0.751686
-0.131997,0.145708,0.752046
-0.131447,0.146493,0.752088
-0.130522,0.147753,0.75176
-0.1295,0.149032,0.750939
-0.128539,0.150095,0.749855
-0.127365,0.151239,0.748279
-0.126242,0.152051,0.746752
-0.125314,0.152465,0.745502
-0.1245,0.152583,0.744391
-0.123943,0.152472,0.743537
-0.123552,0.152072,0.742596
-0.123597,0.151542,0.741884
-0.125078,0.148736,0.739599
-0.127968,0.145377,0.737874
-0.129273,0.144186,0.737482
-0.130764,0.143098,0.737203
-0.13215,0.142228,0.737042
-0.133561,0.141461,0.73694
-0.134947,0.140824,0.736899
-0.136296,0.140298,0.736935
-0.137554,0.139855,0.737065
-0.138826,0.139423,0.73732
-0.139717,0.13914,0.737595
-0.140596,0.138865,0.737883
-0.141424,0.13862,0.738072
-0.142037,0.138469,0.738053
-0.14261,0.138453,0.737789
-0.143003,0.13857,0.737434
-0.143419,0.138884,0.73678
-0.143703,0.139399,0.736054
-0.143813,0.140104,0.735383
-0.143789,0.141281,0.734505
-0.143646,0.142424,0.733812
-0.143281,0.143918,0.733041
-0.142082,0.147168,0.73158
-0.139629,0.152463,0.728729
-0.137256,0.156377,0.726218
-0.134866,0.159321,0.724165
-0.134196,0.16003,0.723657
-0.133378,0.160875,0.723094
-0.132727,0.161548,0.722714
-0.131835,0.162383,0.722316
-0.130796,0.163115,0.722036
-0.129346,0.163854,0.721807
-0.127302,0.16467,0.721604
-0.124531,0.165548,0.721396
-0.120415,0.166589,0.721187
-0.115646,0.167605,0.721081
-0.110464,0.168611,0.721052
-0.0853467,0.172126,0.720889
-0.0731366,0.173348,0.72049
-0.0638824,0.174221,0.720149
-0.0497747,0.175478,0.719619
-0.0379077,0.176453,0.719201
-0.0241691,0.177494,0.718797
-0.010243,0.178485,0.718457
0.0035904,0.179429,0.718179
0.0169795,0.180311,0.717977
0.0296384,0.181139,0.717861
0.0412466,0.181893,0.717822
0.0504624,0.182515,0.717793
0.0675789,0.183709,0.717647
0.0733606,0.184195,0.71748
0.0774249,0.184613,0.717278
0.0812736,0.185114,0.71696
0.0836005,0.185485,0.716631
0.0854244,0.18584,0.716209
0.0869077,0.186181,0.715715
0.088394,0.186474,0.715068
0.0897246,0.186642,0.714433
0.0914233,0.186727,0.713704
0.0932387,0.186709,0.713089
0.0954865,0.186629,0.712508
0.0978795,0.186508,0.712027
0.10169,0.18631,0.711391
0.111431,0.185794,0.710093
0.117096,0.185551,0.709349
0.12331,0.185272,0.708537
0.13071,0.184905,0.707548
0.138254,0.184504,0.706563
0.144778,0.184147,0.70574
0.151603,0.183759,0.7049
0.158192,0.183353,0.704017
0.16703,0.182528,0.702342
0.16973,0.182164,0.701492
0.171995,0.181803,0.700478
0.173576,0.181475,0.699424
0.174664,0.181194,0.698353
0.175499,0.180979,0.697285
0.176252,0.180857,0.696358
0.177343,0.180813,0.695321
0.178867,0.180852,0.694286
0.181046,0.180987,0.693262
0.184085,0.181165,0.692224
0.188125,0.181365,0.691205
0.193316,0.181579,0.69024
0.200576,0.18179,0.689216
0.208604,0.181951,0.688308
0.227631,0.182194,0.686427
0.239717,0.182339,0.685144
0.253075,0.182553,0.68371
0.265903,0.182805,0.682372
0.281208,0.183165,0.680824
0.293623,0.183488,0.679633
0.30823,0.183917,0.6783
0.324974,0.184429,0.676823
0.33803,0.184842,0.675737
0.354596,0.185373,0.674404
0.370586,0.185859,0.67316
0.385712,0.186302,0.671989
0.401079,0.186747,0.670763
0.413376,0.187084,0.669693
0.422941,0.187321,0.668715
0.432135,0.187513,0.667541
0.439763,0.187647,0.666245
0.44655,0.187688,0.66467
0.451461,0.187628,0.663235
0.455053,0.187465,0.661992
0.458076,0.187185,0.660787
0.461314,0.186735,0.659274
0.463594,0.186317,0.658097
0.46621,0.185757,0.656643
0.468001,0.185334,0.655654
0.47062,0.184675,0.654267
0.473194,0.184042,0.653071
0.475836,0.183451,0.652031
0.482761,0.18199,0.649929
0.487197,0.181045,0.648842
0.492069,0.180017,0.647767
0.497184,0.178924,0.64672
0.502302,0.177782,0.645777
0.507203,0.176625,0.645023
0.518648,0.172923,0.643348
0.521467,0.171586,0.642835
0.523818,0.170281,0.642392
0.525853,0.168996,0.64203
0.528211,0.167504,0.641681
0.530059,0.166431,0.641458
0.532194,0.165378,0.641222
0.534409,0.164488,0.64099
0.537919,0.163377,0.640656
0.547333,0.161024,0.639897
0.553249,0.159747,0.639388
0.559837,0.158382,0.638814
0.56691,0.156919,0.638203
0.573383,0.155541,0.637668
0.580586,0.153921,0.637153
0.587364,0.152211,0.63682
0.593445,0.150464,0.63664
0.597582,0.149055,0.636539
0.602107,0.147152,0.636396
0.605395,0.145292,0.636238
0.608383,0.142874,0.636027
0.610779,0.139927,0.635804
0.612572,0.136719,0.635614
0.613924,0.133362,0.635473
0.615298,0.128776,0.63533
0.61682,0.121744,0.635143
0.620115,0.0946533,0.634348
0.621102,0.0829258,0.633698
0.622111,0.0700311,0.63281
0.623048,0.057734,0.631856
0.624168,0.0430803,0.630689
0.625275,0.0294866,0.629613
0.626807,0.0119359,0.628267
0.628187,-0.00248565,0.627185
0.630086,-0.02087,0.625825
0.636743,-0.0834269,0.621978
0.638907,-0.102765,0.621045
0.640848,-0.118341,0.620325
0.64559,-0.153569,0.618704
0.654577,-0.218294,0.615695
0.659815,-0.253642,0.614027
0.6681,-0.306469,0.611211
0.67838,-0.368611,0.607528
0.681463,-0.386033,0.606235
0.688026,-0.420812,0.603184
0.698431,-0.472595,0.598065
0.701611,-0.487803,0.596443
0.712713,-0.538788,0.590486
0.71646,-0.555586,0.588423
0.720659,-0.574112,0.586003
0.724806,-0.592432,0.583542
0.735565,-0.641193,0.577035
0.741619,-0.669848,0.573302
0.748405,-0.703936,0.569227
0.751765,-0.721998,0.567363
0.753997,-0.73485,0.566256
0.76115,-0.779179,0.563117
0.763653,-0.795951,0.562138
0.765761,-0.811121,0.561417
0.770028,-0.843741,0.560297
0.772129,-0.86115,0.559899
0.77576,-0.894343,0.559449
0.780919,-0.946728,0.559248
0.782422,-0.964159,0.55928
0.786086,-1.01449,0.559794
0.787339,-1.03385,0.560208
0.789176,-1.06489,0.561198
0.790879,-1.09767,0.562569
0.793164,-1.14547,0.564895
0.794757,-1.17945,0.566788
0.795477,-1.19445,0.567664
0.797109,-1.22624,0.569486
0.797922,-1.24119,0.570295
0.798917,-1.25809,0.571132
0.799969,-1.27498,0.571904
0.800857,-1.28811,0.572449
0.802068,-1.30484,0.573112
0.803377,-1.32116,0.573717
0.804767,-1.3368,0.574282
0.806372,-1.35301,0.574924
0.808106,-1.36761,0.575628
0.812786,-1.39545,0.577294
0.816059,-1.40755,0.578339
0.817637,-1.41168,0.578967
0.819411,-1.41544,0.579906
0.820971,-1.41808,0.580984
0.822715,-1.42042,0.582579
0.82659,-1.42313,0.587136
0.828287,-1.42352,0.589698
0.831514,-1.42339,0.595733
0.836894,-1.42062,0.608062
0.842092,-1.41521,0.622286
0.84633,-1.40869,0.64227
0.84789,-1.40584,0.657685
0.850536,-1.40062,0.701751
0.854149,-1.39133,0.808806
0.856206,-1.38521,0.889432
0.858644,-1.37831,0.987734
0.860978,-1.37179,1.08073
0.862189,-1.36841,1.12755
0.863492,-1.36486,1.17601
0.865408,-1.35942,1.24454
0.866371,-1.35648,1.27712
0.868807,-1.34795,1.34557
0.869536,-1.34503,1.36121
0.870172,-1.34238,1.373
0.870716,-1.33994,1.3811
0.871592,-1.33546,1.38634
0.871871,-1.33366,1.38456
0.872654,-1.32815,1.36757
0.873381,-1.32221,1.35316
0.873828,-1.31357,1.34825
0.87383,-1.31131,1.34619
0.873405,-1.30554,1.3358
0.872873,-1.30157,1.32061
0.871777,-1.29633,1.28313
0.869888,-1.28914,1.21414
0.868205,-1.28306,1.16535
0.866442,-1.27745,1.1202
0.864773,-1.27153,1.08907
0.863606,-1.26473,1.08972
0.862269,-1.25573,1.09241
0.861445,-1.24878,1.09003
0.86098,-1.24411,1.08763
0.860557,-1.23862,1.07295
0.860319,-1.23572,1.05343
0.860111,-1.23255,1.00692
0.859877,-1.22862,0.950548
0.859731,-1.22338,0.942052
0.859619,-1.21901,0.948326
0.859191,-1.21372,0.947332
0.858665,-1.20942,0.948396
0.857973,-1.20497,0.948844
0.85766,-1.20373,0.94864
0.856255,-1.20013,0.947558
0.854969,-1.19611,0.946322
0.854034,-1.19206,0.944602
0.853094,-1.18702,0.94273
0.852472,-1.18336,0.941594
0.851906,-1.18017,0.940399
0.85144,-1.17679,0.939273
0.851146,-1.17433,0.938165
0.85103,-1.1725,0.93682
0.851171,-1.17022,0.935121
0.851193,-1.16837,0.933672
0.851179,-1.16631,0.932064
0.851396,-1.16409,0.9311
0.851844,-1.16267,0.931114
0.852286,-1.16175,0.931604
0.852763,-1.16126,0.932152
0.853469,-1.16084,0.932862
0.854304,-1.16068,0.933433
0.855471,-1.16037,0.933895
0.856772,-1.15946,0.934316
0.857678,-1.15861,0.934565
0.858643,-1.15811,0.934708
0.859567,-1.15792,0.934786
0.860607,-1.15793,0.935062
0.861551,-1.15807,0.935472
0.862417,-1.15833,0.936401
0.863245,-1.15866,0.937454
0.864217,-1.15891,0.938468
0.864933,-1.15898,0.939083
0.865732,-1.15929,0.939467
0.866373,-1.15944,0.939694
0.867134,-1.15963,0.939891
0.868468,-1.15943,0.940127
0.869826,-1.15947,0.940389
0.871245,-1.15945,0.941141
0.872511,-1.15918,0.942213
0.873484,-1.15886,0.943492
0.873978,-1.15863,0.94478
0.874198,-1.15845,0.945956
0.874319,-1.15832,0.946919
0.874832,-1.15819,0.948182
0.87551,-1.15806,0.949463
0.876353,-1.15816,0.950961
0.877348,-1.15884,0.952416
0.878269,-1.1596,0.95395
0.878862,-1.15999,0.95618
0.878415,-1.15888,0.958179
0.878124,-1.1584,0.958699
0.877812,-1.15804,0.959102
0.87736,-1.15764,0.959514
0.876814,-1.15716,0.959888
0.876121,-1.15653,0.960209
0.875293,-1.15584,0.96039
0.873957,-1.15489,0.960519
0.87201,-1.15374,0.960627
0.869624,-1.1526,0.960763
0.866463,-1.15134,0.960956
0.861303,-1.1496,0.961281
0.856091,-1.1481,0.961588
0.848996,-1.14631,0.961986
0.84057,-1.14442,0.962417
0.831997,-1.14265,0.962778
0.821197,-1.14057,0.96315
0.810663,-1.13869,0.963435
0.797923,-1.13653,0.963767
0.787482,-1.13485,0.964079
0.775094,-1.13294,0.964537
0.762302,-1.13105,0.965058
0.73247,-1.12659,0.966389
0.715487,-1.12396,0.96719
0.668741,-1.11626,0.969526
0.652993,-1.11352,0.970375
0.637304,-1.11083,0.971246
0.620081,-1.10792,0.972222
0.604979,-1.10533,0.973061
0.590524,-1.1028,0.973855
0.577011,-1.10038,0.974682
0.564671,-1.09806,0.975596
0.552618,-1.09563,0.976685
0.53655,-1.09166,0.978395
0.529016,-1.08915,0.979288
0.524799,-1.08743,0.979845
0.521502,-1.08578,0.980357
0.519002,-1.08423,0.980851
0.516918,-1.08259,0.981401
0.515349,-1.08099,0.981965
0.514157,-1.0796,0.982499
0.512948,-1.07824,0.983038
0.511169,-1.07656,0.983707
0.508761,-1.07482,0.984358
0.506164,-1.07341,0.984868
0.50233,-1.07178,0.985433
0.497946,-1.07031,0.985922
0.491774,-1.06863,0.98642
0.485109,-1.06707,0.986805
0.476196,-1.0653,0.98718
0.467065,-1.0637,0.987443
0.455509,-1.06191,0.987623
0.441279,-1.05989,0.987684
0.427418,-1.05804,0.987685
0.412784,-1.05621,0.98772
0.399277,-1.05464,0.987756
0.381909,-1.05283,0.98779
0.33331,-1.04769,0.987898
0.283654,-1.04162,0.987912
0.235483,-1.0351,0.987767
0.179558,-1.02702,0.987746
0.132954,-1.01969,0.987804
0.114425,-1.01677,0.987811
0.0961005,-1.01404,0.987872
0.0816556,-1.01205,0.987975
0.0692833,-1.01052,0.988077
0.0539217,-1.00877,0.988239
0.041012,-1.00748,0.988421
0.027529,-1.00638,0.988672
0.0154369,-1.00571,0.988954
0.00381856,-1.00562,0.989306
-0.00404048,-1.00618,0.989546
-0.0120742,-1.00789,0.989771
-0.017212,-1.01026,0.989864
-0.0217857,-1.01422,0.989908
-0.0253027,-1.01967,0.989935
-0.0277449,-1.0259,0.989907
-0.0301306,-1.03552,0.989734
-0.0318272,-1.04587,0.989373
-0.0333835,-1.059,0.988742
-0.0344798,-1.07054,0.988096
-0.0356139,-1.08443,0.987318
-0.0367261,-1.09907,0.986578
-0.0378144,-1.11255,0.985981
-0.0389196,-1.12466,0.985512
-0.0402156,-1.13696,0.985118
-0.0421926,-1.15295,0.98471
-0.0444304,-1.16901,0.984342
-0.0471546,-1.18688,0.983932
-0.0496621,-1.20289,0.983622
-0.0523485,-1.22058,0.983292
-0.0545967,-1.23641,0.982993
-0.0565171,-1.25043,0.982767
-0.0583871,-1.26439,0.982593
-0.0608326,-1.28175,0.982515
-0.0632849,-1.29733,0.982564
-0.0665122,-1.31451,0.982725
-0.0700524,-1.32984,0.982923
-0.0738664,-1.34337,0.983097
-0.079027,-1.35838,0.983325
-0.084487,-1.37142,0.983553
-0.0916989,-1.38556,0.983841
-0.0991089,-1.39748,0.984097
-0.109695,-1.41124,0.984457
-0.11914,-1.42109,0.98471
-0.130666,-1.43073,0.984925
-0.142897,-1.43874,0.985051
-0.155636,-1.44509,0.985147
-0.165727,-1.44892,0.985193
-0.17885,-1.45258,0.985203
-0.189137,-1.45454,0.985219
-0.202479,-1.4561,0.985276
-0.214478,-1.45674,0.985409
-0.226711,-1.4569,0.985589
-0.240737,-1.45666,0.985843
-0.254985,-1.45612,0.986117
-0.267802,-1.45556,0.986342
-0.28221,-1.45493,0.986571
-0.294787,-1.45443,0.986787
-0.308366,-1.45406,0.987138
-0.321043,-1.45397,0.987683
-0.333712,-1.45438,0.988561
-0.343651,-1.45542,0.989519
-0.352932,-1.45759,0.990643
-0.359035,-1.46031,0.991533
-0.364671,-1.46458,0.992486
-0.369152,-1.47028,0.993397
-0.372677,-1.47748,0.994281
-0.375213,-1.48517,0.995022
-0.377373,-1.49409,0.995654
-0.379237,-1.50415,0.996164
-0.381133,-1.51664,0.99662
-0.382708,-1.52866,0.996999
-0.384413,-1.54305,0.997469
-0.386099,-1.55816,0.998018
-0.388945,-1.58619,0.999253
-0.391593,-1.61504,1.00076
-0.394138,-1.64445,1.00251
-0.398924,-1.70524,1.00657
-0.402653,-1.75656,1.01005
-0.405914,-1.80401,1.01328
-0.409015,-1.85125,1.01672
-0.412175,-1.89847,1.02039
-0.414506,-1.93138,1.023
-0.417781,-1.97905,1.02691
-0.419095,-1.99747,1.02849
-0.421501,-2.03087,1.03146
-0.42499,-2.07892,1.03575
-0.428256,-2.1264,1.03978
-0.431541,-2.173,1.04411
-0.432736,-2.18898,1.04557
-0.434341,-2.20854,1.04735
-0.43602,-2.2279,1.04914
-0.437276,-2.24174,1.05043
-0.438539,-2.25525,1.05172
-0.439809,-2.26823,1.05304
-0.441061,-2.28052,1.05442
-0.442421,-2.29328,1.05602
-0.445556,-2.32127,1.06061
-0.446358,-2.32781,1.06192
-0.446937,-2.332,1.06282
-0.447491,-2.33552,1.06365
-0.448192,-2.33913,1.06466
-0.448858,-2.34181,1.06567
-0.449419,-2.34363,1.06656
-0.449984,-2.34501,1.06747
-0.450596,-2.34608,1.06839
-0.451345,-2.347,1.06942
-0.453103,-2.3474,1.07217
-0.454304,-2.34633,1.07408
-0.455646,-2.34487,1.07604
-0.457808,-2.34186,1.07915
-0.46035,-2.33632,1.08313
-0.461798,-2.33116,1.08613
-0.462802,-2.32609,1.08885
-0.463443,-2.32342,1.09024
-0.464309,-2.31956,1.09241
-0.465076,-2.31626,1.09422
-0.465685,-2.31332,1.0957
-0.466136,-2.31097,1.09708
-0.466593,-2.3082,1.09846
-0.466854,-2.30609,1.09938
-0.467209,-2.30434,1.10033
-0.467765,-2.30303,1.10095
-0.468585,-2.30152,1.10108
-0.469129,-2.3004,1.10108
-0.46986,-2.29918,1.10069
-0.470619,-2.29822,1.10016
-0.471761,-2.29687,1.09901
-0.472781,-2.29514,1.09738
-0.47338,-2.29347,1.09582
-0.473775,-2.29171,1.09439
-0.473884,-2.29132,1.09391
-0.474105,-2.29126,1.09337
-0.474448,-2.29167,1.09278
-0.474848,-2.29254,1.09224
-0.475416,-2.29422,1.09163
-0.476122,-2.29673,1.09102
-0.476979,-2.30023,1.09045
-0.477858,-2.30427,1.08996
-0.478977,-2.30998,1.08943
-0.480281,-2.31701,1.08891
-0.484395,-2.34466,1.08738
-0.485755,-2.35535,1.08673
-0.487229,-2.36703,1.08595
-0.488804,-2.37953,1.08506
-0.490467,-2.39278,1.08408
-0.492234,-2.40664,1.08304
-0.494305,-2.42283,1.08186
-0.496691,-2.44132,1.08051
-0.500747,-2.47358,1.0782
-0.502647,-2.48889,1.0771
-0.508672,-2.54051,1.07361
-0.514229,-2.5934,1.07001
-0.519187,-2.64387,1.0662
-0.520651,-2.65892,1.06506
-0.525423,-2.70817,1.0619
-0.528388,-2.73868,1.06035
-0.53315,-2.78678,1.05826
-0.538919,-2.84477,1.05624
-0.543534,-2.89109,1.05514
-0.549705,-2.95273,1.0543
-0.554524,-3.00285,1.05407
-0.556473,-3.02245,1.05414
-0.562893,-3.08582,1.05455
-0.568005,-3.13678,1.05524
-0.569843,-3.15443,1.05555
-0.575422,-3.20735,1.05642
-0.580563,-3.25736,1.05743
-0.583517,-3.28782,1.05804
-0.584974,-3.30312,1.05833
-0.586271,-3.31663,1.05859
-0.588282,-3.33788,1.05901
-0.589694,-3.35313,1.05933
-0.591195,-3.36993,1.05968
-0.592559,-3.38612,1.06005
-0.593749,-3.40137,1.0604
-0.594659,-3.4139,1.06068
-0.595427,-3.42663,1.0609
-0.595804,-3.43662,1.06101
-0.595807,-3.44534,1.06099
-0.595274,-3.45369,1.06079
-0.593993,-3.4606,1.06044
-0.591742,-3.46625,1.05999
-0.588363,-3.47083,1.05948
-0.583675,-3.47457,1.05893
-0.57832,-3.47738,1.05841
-0.5709,-3.48014,1.05775
-0.562024,-3.4826,1.05689
-0.552988,-3.48464,1.05587
-0.540279,-3.48711,1.05435
-0.527724,-3.48928,1.05277
-0.515865,-3.49129,1.05127
-0.50353,-3.4934,1.04967
-0.486015,-3.49639,1.04743
-0.444478,-3.50253,1.04255
-0.399926,-3.50764,1.03769
-0.356054,-3.51176,1.03326
-0.322446,-3.51467,1.03037
-0.276227,-3.51862,1.02697
-0.261994,-3.52006,1.02607
-0.203202,-3.52627,1.02323
-0.187126,-3.5279,1.02257
-0.160381,-3.53105,1.02154
-0.128356,-3.5351,1.0205
-0.0999179,-3.53874,1.01979
-0.0534685,-3.54384,1.01927
-0.0266035,-3.54621,1.0191
-0.0105144,-3.54754,1.01901
0.00363835,-3.54875,1.01893
0.0193092,-3.55014,1.01888
0.0345578,-3.55152,1.01885
0.0475649,-3.55272,1.01884
0.061332,-3.55407,1.01882
0.0739148,-3.55536,1.01881
0.0862478,-3.55668,1.01878
0.103576,-3.55842,1.01864
0.108559,-3.5589,1.01844
0.113148,-3.55945,1.01803
0.117097,-3.56004,1.01744
0.119766,-3.56053,1.01683
0.121909,-3.56105,1.01618
0.124111,-3.56165,1.01544
0.126224,-3.56222,1.01482
0.1288,-3.56286,1.01426
0.132183,-3.56361,1.01376
0.137191,-3.5646,1.01318
0.15165,-3.56666,1.01158
0.160113,-3.56764,1.01053
0.169781,-3.56878,1.00927
0.18196,-3.57025,1.00772
0.195304,-3.5719,1.00608
0.209581,-3.57375,1.0044
0.22287,-3.57559,1.00291
0.240061,-3.57816,1.0011
0.254125,-3.5804,0.999732
0.286498,-3.58553,0.99685
0.319536,-3.59043,0.994168
0.365827,-3.59644,0.990762
0.382411,-3.59853,0.989557
0.430061,-3.60424,0.986161
0.462984,-3.60741,0.983893
0.477439,-3.60877,0.982925
0.493387,-3.61039,0.981807
0.507129,-3.61189,0.980818
0.521896,-3.61363,0.979766
0.537096,-3.61559,0.978719
0.548041,-3.61717,0.977971
0.558873,-3.61901,0.977191
0.57468,-3.62226,0.975789
0.579937,-3.62372,0.975097
0.586785,-3.62676,0.973604
0.588196,-3.62932,0.972258
0.587319,-3.63031,0.971783
0.584973,-3.63168,0.97122
0.581226,-3.63308,0.970708
0.576669,-3.63437,0.970291
0.570945,-3.63575,0.969867
0.543879,-3.63933,0.968213
0.530323,-3.6403,0.967197
0.517004,-3.64119,0.966116
0.502833,-3.64211,0.964976
0.488064,-3.64306,0.963862
0.472906,-3.64406,0.962801
0.461006,-3.64493,0.96202
0.435161,-3.6468,0.960558
0.419498,-3.6479,0.95985
0.371904,-3.65061,0.958465
0.35771,-3.65132,0.958252
0.332895,-3.65275,0.958074
0.300897,-3.65447,0.958047
0.270425,-3.65588,0.958259
0.221769,-3.6574,0.958762
0.189041,-3.6577,0.959157
0.170814,-3.65781,0.959317
0.156247,-3.65801,0.959404
0.138145,-3.65839,0.959441
0.120267,-3.65886,0.959425
0.106325,-3.65932,0.959356
0.0929193,-3.6599,0.959207
0.0802817,-3.6606,0.959037
0.0685994,-3.66143,0.958854
0.0568105,-3.66245,0.958648
0.0397069,-3.66425,0.958152
0.0329879,-3.66518,0.957746
0.0274363,-3.66622,0.957243
0.0215916,-3.6677,0.956456
0.018157,-3.66887,0.955833
0.0157027,-3.66999,0.955282
0.0142088,-3.67094,0.954864
0.0131731,-3.67198,0.954509
0.012756,-3.67282,0.954312
0.0127374,-3.6737,0.954229
0.0130788,-3.67444,0.954279
0.0136725,-3.67508,0.954504
0.0144567,-3.67558,0.954909
0.0151828,-3.67592,0.955306
0.0162261,-3.67628,0.955967
0.0173998,-3.67647,0.956841
0.0182229,-3.67654,0.957558
0.0193324,-3.67659,0.958569
0.0204364,-3.67657,0.959535
0.0215,-3.67649,0.960305
0.022655,-3.67632,0.96079
0.0234535,-3.67616,0.960902
0.0243767,-3.67598,0.960759
0.0252186,-3.6758,0.960436
0.0259654,-3.6756,0.960055
0.026572,-3.67543,0.959705
0.0271946,-3.67531,0.959308
0.0277758,-3.67524,0.958907
0.028282,-3.6752,0.958521
0.0286348,-3.6752,0.958193
0.0288968,-3.67524,0.957843
0.0290754,-3.67531,0.957478
0.0291495,-3.67539,0.957088
0.0291087,-3.67545,0.956809
0.0289744,-3.67549,0.956576
0.0287516,-3.67552,0.95635
0.02838,-3.6755,0.956056
0.0279621,-3.67541,0.955772
0.0273966,-3.67522,0.955443
0.0268845,-3.67497,0.955155
0.0263817,-3.67467,0.954913
0.0258231,-3.67426,0.954701
0.0251027,-3.67357,0.954545
0.024336,-3.67269,0.954496
0.0234828,-3.67165,0.954516
0.0221151,-3.6698,0.954614
0.0203217,-3.66724,0.954757
0.0183267,-3.66426,0.954904
0.0145514,-3.65825,0.955139
0.0113989,-3.65307,0.955276
0.00714766,-3.6461,0.955425
0.00270049,-3.63887,0.955535
-0.00307854,-3.62964,0.955556
-0.00892109,-3.62054,0.955461
-0.0162629,-3.60942,0.955299
-0.0233758,-3.59885,0.955135
-0.0319571,-3.58638,0.954965
-0.0421324,-3.57192,0.954836
-0.0506963,-3.56004,0.95482
-0.0618404,-3.54489,0.954928
-0.0710662,-3.53262,0.955126
-0.0805507,-3.52032,0.955412
-0.090257,-3.50801,0.95582
-0.101344,-3.49418,0.95634
-0.113735,-3.47884,0.956996
-0.123642,-3.46677,0.957562
-0.134701,-3.45359,0.958233
-0.144364,-3.4424,0.958898
-0.154943,-3.43054,0.95972
-0.165158,-3.41956,0.960567
-0.174986,-3.40958,0.96139
-0.182414,-3.40245,0.962057
-0.190772,-3.39496,0.962867
-0.200073,-3.38716,0.96383
-0.208365,-3.38056,0.964665
-0.2178,-3.37316,0.965572
-0.227478,-3.36544,0.966465
-0.236326,-3.35811,0.967185
-0.246594,-3.34915,0.967826
-0.257177,-3.33937,0.968226
-0.268067,-3.32873,0.968315
-0.280428,-3.316,0.96815
-0.291691,-3.3038,0.967849
-0.302982,-3.29101,0.967383
-0.311783,-3.28073,0.966897
-0.321888,-3.26868,0.966254
-0.334472,-3.25322,0.965353
-0.344482,-3.24055,0.964554
-0.354434,-3.22765,0.963772
-0.366746,-3.21122,0.962822
-0.376492,-3.19788,0.962103
-0.387337,-3.18272,0.961362
-0.398016,-3.16742,0.96072
-0.408548,-3.15208,0.960202
-0.417759,-3.13853,0.959899
-0.426796,-3.12519,0.95979
-0.435605,-3.11222,0.9599
-0.445154,-3.09817,0.960335
-0.454238,-3.08479,0.961057
-0.46103,-3.07487,0.961687
-0.469398,-3.06271,0.962394
-0.476511,-3.05234,0.962851
-0.484167,-3.04097,0.963184
-0.491455,-3.02962,0.963368
-0.496089,-3.02196,0.963442
-0.502682,-3.01015,0.963561
-0.508688,-2.99778,0.963705
-0.513426,-2.98627,0.963771
-0.517467,-2.97439,0.963734
-0.521094,-2.9606,0.963556
-0.523493,-2.9481,0.96331
-0.525299,-2.93388,0.962993
-0.526226,-2.91958,0.962698
-0.526346,-2.90529,0.962442
-0.525687,-2.8911,0.962193
-0.524838,-2.8818,0.962032
-0.523246,-2.86964,0.961792
-0.520781,-2.85631,0.961486
-0.517627,-2.84335,0.961165
-0.514274,-2.8322,0.960826
-0.509879,-2.82011,0.960391
-0.499044,-2.79708,0.959344
-0.486679,-2.77656,0.95846
-0.473602,-2.7581,0.957824
-0.465821,-2.74819,0.95749
-0.450456,-2.73015,0.957012
-0.433183,-2.71159,0.956963
-0.415047,-2.69315,0.9573
-0.40575,-2.68392,0.957617
-0.397469,-2.6758,0.957982
-0.388133,-2.66673,0.958449
-0.378782,-2.65766,0.958983
-0.369401,-2.64852,0.959606
-0.359955,-2.63927,0.96027
-0.350499,-2.62988,0.960971
-0.342142,-2.62135,0.961642
-0.333829,-2.61266,0.962311
-0.324552,-2.60263,0.963113
-0.316419,-2.59345,0.963896
-0.307386,-2.58278,0.964874
-0.299477,-2.57299,0.965765
-0.289783,-2.56028,0.967022
-0.283178,-2.55108,0.967962
-0.275873,-2.54025,0.968948
-0.269732,-2.53052,0.969641
-0.261415,-2.51619,0.970226
-0.255138,-2.50439,0.970326
-0.249973,-2.49384,0.970159
-0.243134,-2.47843,0.969658
-0.238121,-2.46579,0.969192
-0.232488,-2.44966,0.968558
-0.228568,-2.43648,0.968023
-0.225222,-2.42308,0.967484
-0.221873,-2.40595,0.966846
-0.21994,-2.39198,0.966292
-0.218695,-2.37781,0.965706
-0.218103,-2.36165,0.965006
-0.218369,-2.34338,0.964188
-0.219276,-2.32854,0.96356
-0.221014,-2.31165,0.962851
-0.223184,-2.29646,0.962218
-0.225983,-2.28116,0.961595
-0.2299,-2.26385,0.960979
-0.234658,-2.24649,0.960449
-0.240229,-2.22915,0.959957
-0.246593,-2.2119,0.959501
-0.253707,-2.19476,0.959039
-0.261549,-2.1778,0.9586
-0.272923,-2.15544,0.958079
-0.280987,-2.14075,0.957788
-0.290442,-2.12455,0.957528
-0.299069,-2.11057,0.957318
-0.307771,-2.09715,0.957213
-0.317491,-2.08293,0.957275
-0.324899,-2.07267,0.957493
-0.334075,-2.06067,0.957953
-0.343593,-2.04893,0.9586
-0.350647,-2.04082,0.959141
-0.357185,-2.0338,0.959696
-0.363213,-2.02781,0.960243
-0.368791,-2.02279,0.960776
-0.373961,-2.01863,0.961392
-0.37934,-2.01482,0.962177
-0.384328,-2.01171,0.963114
-0.388467,-2.00941,0.964055
-0.392836,-2.00725,0.965223
-0.39649,-2.00563,0.96639
-0.399939,-2.00424,0.967705
-0.403603,-2.00292,0.969323
-0.406654,-2.0019,0.970818
-0.409859,-2.00093,0.972456
-0.412552,-2.0002,0.973705
-0.415102,-1.99958,0.974688
-0.417846,-1.99898,0.975457
-0.420414,-1.9985,0.975954
-0.422832,-1.99814,0.976291
-0.425103,-1.99792,0.976544
-0.427001,-1.99782,0.976807
-0.429035,-1.99785,0.97719
-0.430992,-1.99797,0.977608
-0.432663,-1.99817,0.978025
-0.434499,-1.99847,0.978525
-0.436267,-1.99882,0.979056
-0.437956,-1.99923,0.97959
-0.439578,-1.99969,0.98016
-0.441117,-2.00017,0.980792
-0.442412,-2.00057,0.981412
-0.443789,-2.00096,0.982148
-0.444934,-2.00115,0.982839
-0.446229,-2.00092,0.983828
-0.446849,-2.00029,0.984562
-0.447094,-1.99904,0.985419
-0.446636,-1.99716,0.98626
-0.445632,-1.99531,0.986911
-0.443318,-1.99247,0.987749
-0.43965,-1.98918,0.988541
-0.435191,-1.98605,0.989121
-0.427107,-1.98158,0.989631
-0.419897,-1.97839,0.989748
-0.410626,-1.97499,0.989628
-0.400346,-1.97184,0.989328
-0.389291,-1.96902,0.98895
-0.376484,-1.96627,0.988572
-0.367466,-1.96462,0.988383
-0.357293,-1.96304,0.98822
-0.346133,-1.96162,0.988073
-0.336548,-1.96078,0.987872
-0.32728,-1.96037,0.987568
-0.317137,-1.96044,0.987133
-0.307146,-1.96109,0.986621
-0.297214,-1.96225,0.986041
-0.288414,-1.96366,0.98551
-0.275276,-1.9662,0.984651
-0.266749,-1.96804,0.98409
-0.256652,-1.9703,0.983478
-0.249188,-1.97194,0.983162
-0.241669,-1.97342,0.983022
-0.235892,-1.97433,0.983009
-0.230454,-1.97488,0.983043
-0.226578,-1.97496,0.983076
-0.223221,-1.97463,0.983113
-0.220779,-1.9739,0.983196
-0.219266,-1.97304,0.983341
-0.218123,-1.97189,0.983562
-0.217421,-1.97065,0.983794
-0.217067,-1.9695,0.984064
-0.216851,-1.96819,0.984434
-0.216541,-1.96354,0.985623
-0.216336,-1.96164,0.985981
-0.216105,-1.95996,0.986295
-0.21577,-1.95813,0.98668
-0.215364,-1.95654,0.98706
-0.214804,-1.9548,0.987497
-0.214107,-1.95311,0.987924
-0.21335,-1.95168,0.988284
-0.212357,-1.95016,0.988697
-0.211357,-1.94888,0.989121
-0.210102,-1.94751,0.989734
-0.20898,-1.94652,0.990291
-0.207587,-1.94543,0.990981
-0.206058,-1.94435,0.991696
-0.204176,-1.94313,0.992324
-0.202332,-1.94206,0.992607
-0.200353,-1.94105,0.992545
-0.197943,-1.93999,0.992143
-0.195938,-1.9393,0.991665
-0.19288,-1.93852,0.990888
-0.190957,-1.93822,0.990438
-0.187572,-1.93798,0.989719
-0.184015,-1.93796,0.9891
-0.181055,-1.93805,0.98866
-0.177984,-1.93821,0.988245
-0.174743,-1.93839,0.987857
-0.170776,-1.93853,0.987429
-0.166852,-1.93857,0.987101
-0.161819,-1.93851,0.986784
-0.155953,-1.9383,0.986489
-0.149927,-1.938,0.986285
-0.142088,-1.93753,0.986128
-0.135117,-1.93705,0.986075
-0.124928,-1.93629,0.986051
-0.103166,-1.93441,0.985832
-0.0922445,-1.93336,0.985538
-0.0770908,-1.9319,0.984994
-0.0589724,-1.93004,0.984257
-0.0436807,-1.92838,0.98362
-0.0278211,-1.92659,0.982991
-0.0114943,-1.92468,0.982374
0.00520988,-1.92268,0.981747
0.0243456,-1.92032,0.981023
0.0415067,-1.91815,0.98035
0.0586879,-1.91598,0.979651
0.077886,-1.91353,0.97881
0.0946161,-1.91135,0.978019
0.112888,-1.90892,0.977168
0.128509,-1.90675,0.976438
0.145322,-1.90424,0.975637
0.161317,-1.9016,0.974861
0.174927,-1.89913,0.974185
0.189687,-1.89618,0.973489
0.200935,-1.89372,0.973018
0.216806,-1.88991,0.972492
