0.0153782,-0.0116907,0,0.999976,-0.00469306,-0.00349472,-0.0037582
-0.0234053,-0.0108901,0,0.99998,-0.00472725,-0.00418686,0.000278106
-0.0576487,0.000389946,0,0.999976,-0.0052125,-0.00458646,0.00030723
-0.078706,0.021364,0,0.999973,-0.00549452,-0.00258718,-0.00406917
-0.0876712,0.032905,0,0.999768,-0.000563367,0.0195214,-0.00909422
-0.13163,0.0415911,0,0.999731,-0.0019129,0.00256491,-0.0229594
-0.195475,0.0546502,0,0.998817,-0.00572879,0.03445,-0.0338301
-0.114444,0.0557075,0,0.995572,0.00170099,0.0399457,-0.0850765
0.0915593,0.0314597,0,0.991501,5.05143e-05,0.0138414,-0.129364
0.232721,0.0216107,0,0.983163,-0.00512455,-0.035433,-0.17919
0.245334,0.0515877,0,0.978845,-0.00392751,0.00251664,-0.20455
0.214019,0.0491032,0,0.982729,-0.0250845,0.0799105,-0.165009
0.136017,0.0346223,0,0.982762,-0.0208872,0.0354952,-0.18023
0.0830106,0.0312045,0,0.983071,-0.00346976,0.00545318,-0.183112
0.0981908,0.0421397,0,0.983436,-0.00117185,0.00198919,-0.181243
0.134443,0.0506947,0,0.98337,0.0219912,-6.04841e-05,-0.180276
0.154714,0.0302068,0,0.982333,0.0479701,-0.00434579,-0.180834
0.146603,-0.0386922,0,0.982733,-0.0251505,0.00742173,-0.18316
0.112978,-0.113078,0,0.984862,-0.0243748,0.00615027,-0.171508
0.0869605,-0.124108,0,0.985358,-0.000518022,0.0026997,-0.170479
0.0764784,-0.100567,0,0.985614,0.00386867,0.00179554,-0.16896
0.0936847,-0.0808186,0,0.985255,0.00342451,0.00175011,-0.171052
0.119198,-0.0705379,0,0.984702,0.00130064,0.00174457,-0.174232
0.117603,-0.0590043,0,0.984726,-9.51364e-07,0.00188099,-0.174102
0.101759,-0.05612,0,0.984949,-0.000939878,0.00181789,-0.172835
0.0927531,-0.0582113,0,0.985098,-0.00153354,0.0015455,-0.171978
0.0947843,-0.0465069,0,0.984801,-0.00191803,0.00131553,-0.17367
0.0980428,-0.0397475,0,0.984878,-0.00218262,0.00153105,-0.173231
0.0959249,-0.0301973,0,0.984565,-0.00198209,0.00153334,-0.175003
0.0807735,-0.0273232,0,0.984883,-0.00154795,0.00132368,-0.173209
0.0669093,-0.0244929,0,0.985039,-0.00144063,0.000927342,-0.172322
0.0602622,-0.0185816,0,0.985068,-0.00122623,0.000670174,-0.172163
0.0516347,-0.0127043,0,0.985127,-0.000874243,0.000488561,-0.171824
0.0382175,-0.00190417,0,0.98507,-0.000392664,0.000432288,-0.172153
0.0379864,-0.00439234,0,0.985281,-0.000141599,8.5224e-05,-0.170942
0.0412289,-0.0106952,0,0.985282,-0.000912412,-5.41938e-05,-0.170934
0.0400404,-0.0102202,0,0.985412,-0.000418119,0.000429191,-0.170185
0.0352555,-0.00483987,0,0.985511,3.0859e-05,0.000469812,-0.16961
0.0170917,0.00722255,0,0.984999,0.000260435,0.000820538,-0.172557
-0.00447221,0.0184698,0,0.984964,0.000751814,0.00104534,-0.172752
0.00786281,0.0159462,0,0.985091,0.000862835,0.00135372,-0.172024
0.0341177,0.00970586,0,0.984705,0.0011909,0.000683636,-0.174226
0.0295166,0.00951763,0,0.984734,0.00110981,0.000814106,-0.174059
0.0114306,0.00774235,0,0.985011,0.00128867,0.000494354,-0.172484
0.00314058,-0.000450164,0,0.985072,0.0208787,-0.00685209,-0.170735
-0.0233122,-0.0303014,0,0.985693,0.0520478,-0.00853447,-0.160087
-0.0597062,-0.0948858,0,0.987617,0.0226444,-0.00279264,-0.155219
-0.140116,-0.176051,0,0.987642,0.0157277,-0.00217366,-0.155922
-0.192255,-0.291018,0,0.986759,-0.0290312,-0.0129793,-0.159043
-0.213356,-0.388295,0,0.985661,-0.0102294,0.00509665,-0.168351
-0.244701,-0.391306,0,0.986567,0.00678581,-0.0365872,-0.159064
-0.312674,-0.318816,0,0.983402,0.00556381,-0.0393273,-0.177037
-0.416363,-0.268028,0,0.982459,0.0114087,0.0100968,-0.185855
-0.508916,-0.253221,0,0.982809,0.0119413,0.0287495,-0.181983
-0.514636,-0.2586,0,0.982644,0.00871102,0.022341,-0.183942
-0.474433,-0.279094,0,0.983401,0.00183869,-0.00887563,-0.181217
-0.407592,-0.294376,0,0.981657,0.0205118,0.0369212,-0.185918
-0.374051,-0.327599,0,0.982061,0.0478758,0.0112126,-0.182042
-0.343833,-0.399709,0,0.984369,-0.0159431,0.0154295,-0.174717
-0.272929,-0.508181,0,0.977941,-0.00320689,0.00313484,-0.208831
-0.225402,-0.532305,0,0.955887,0.0635919,0.0555342,-0.281339
-0.295271,-0.524065,0,0.978776,0.0575806,0.0118926,-0.196319
-0.378377,-0.599993,0,0.975245,-0.0562227,0.0218892,-0.212737
-0.438538,-0.709387,0,0.98111,-0.0276475,0.0109048,-0.191154
-0.48861,-0.73746,0,0.985975,0.0153238,0.00135574,-0.166183
-0.506438,-0.726353,0,0.986537,0.0509643,-0.00994133,-0.155074
-0.484967,-0.744828,0,0.987968,0.041967,-0.00883264,-0.14859
-0.507221,-0.844054,0,0.988869,0.0125679,-0.0179394,-0.147169
-0.553423,-0.948269,0,0.982504,0.00337356,-0.0388558,-0.182114
-0.577566,-1.02652,0,0.985579,-0.0167474,0.00504365,-0.168311
-0.574414,-1.05598,0,0.98366,0.0552684,-0.0205408,-0.170107
-0.569641,-1.07707,0,0.986545,0.0396826,-0.0143952,-0.157945
-0.583648,-1.16639,0,0.989581,-0.0429821,-0.00178382,-0.1374
-0.619283,-1.225,0,0.978899,0.0114672,-0.0144956,-0.203506
-0.645975,-1.21781,0,0.979837,0.0162812,0.002944,-0.199112
-0.617389,-1.17548,0,0.98072,0.0173967,0.0512522,-0.187774
-0.534816,-1.17072,0,0.990348,0.00829318,0.0200313,-0.136897
-0.462441,-1.22167,0,0.996769,0.00526625,0.0801412,-0.000916506
-0.471778,-1.26369,0,0.999963,0.00493781,0.00528578,-0.00468441
-0.492816,-1.2614,0,0.996766,-0.00593758,0.010062,-0.0795056
-0.492192,-1.23432,0,0.988971,0.0199112,0.00339312,-0.146726
-0.499577,-1.22468,0,0.986564,0.0449277,-0.000978357,-0.157072
-0.519736,-1.26597,0,0.986805,-0.0289277,-0.00111755,-0.159307
-0.556087,-1.32299,0,0.984881,-0.0200804,-0.0501068,-0.164606
-0.6552,-1.32989,0,0.985989,0.00132339,-0.00352654,-0.166767
-0.708821,-1.24832,0,0.976942,-0.0557889,-0.0572808,-0.197967
-0.641689,-1.15879,0,0.981855,-0.0516142,-0.0334874,-0.179374
-0.539587,-1.07211,0,0.986806,-0.0393689,-0.0363475,-0.152782
-0.488697,-0.962359,0,0.98604,-0.020677,-0.00580907,-0.165115
-0.450215,-0.813361,0,0.982168,-0.0178064,0.00226619,-0.187149
-0.419258,-0.699892,0,0.981267,-0.0268164,0.0080954,-0.190606
-0.440251,-0.594286,0,0.985908,-0.0237008,0.0160383,-0.16482
-0.421884,-0.518007,0,0.984778,0.0210246,0.0413104,-0.167519
-0.357528,-0.475995,0,0.97539,0.00526298,0.0626169,-0.211342
-0.271897,-0.484449,0,0.953068,-0.00126288,0.101266,-0.285316
-0.219817,-0.50992,0,0.933568,0.0458264,0.117597,-0.335442
-0.217666,-0.525888,0,0.924262,0.0598019,0.0813095,-0.368175
-0.201703,-0.528954,0,0.914475,0.0541488,0.0868959,-0.391475
-0.186011,-0.520564,0,0.902528,0.0482688,0.144709,-0.402708
-0.196474,-0.504056,0,0.868721,0.0455642,0.125035,-0.477089
-0.135179,-0.523019,0,0.802138,0.00729194,0.0361783,-0.595998
-0.0710022,-0.546776,0,0.767291,0.0127396,0.0350358,-0.640215
-0.0317226,-0.573764,0,0.730855,-0.0338958,0.0826428,-0.676663
0.0235224,-0.594619,0,0.729049,-0.0910574,0.0365385,-0.677393
0.0683735,-0.531193,0,0.896843,0.00834967,-0.0281172,-0.441375
0.11789,-0.403528,0,0.988229,0.0164322,-0.0128643,-0.151551
0.116347,-0.264938,0,0.999279,0.0170357,0.0304207,-0.0150216
0.124959,-0.175134,0,0.998122,-0.0068542,0.0587028,0.0161048
0.198882,-0.133232,0,0.998687,-0.0177211,0.0303328,0.0372855
0.321187,-0.134167,0,0.996434,-0.0165611,0.0254057,0.078736
0.403703,-0.119387,0,0.968738,-0.0118486,0.091789,0.230177
0.423856,-0.0708081,0,0.947531,-0.0650996,0.095113,0.298161
0.395969,-0.00943601,0,0.962236,-0.0519951,0.142852,0.225815
0.317566,0.00778264,0,0.97543,-0.0440558,0.0828248,0.199336
0.268754,0.00605773,0,0.97526,-0.00579712,-0.00118992,0.220984
0.219264,-0.0143629,0,0.977471,-0.0184612,0.030965,0.207969
0.204172,-0.0199831,0,0.980634,-0.0177707,0.0419623,0.190472
0.178317,0.0174956,0,0.979058,-0.0167326,0.0321408,0.200331
0.159609,0.045965,0,0.987217,-0.0228396,0.0918335,0.128249
0.16764,0.0445119,0,0.993732,-0.00996738,0.0485055,-0.100221
0.167002,0.0556101,0,0.951137,-0.0210545,0.0114253,-0.307838
0.184312,0.0830259,0,0.933774,-0.0821075,0.0536863,-0.344155
0.223122,0.0572905,0,0.87302,-0.101455,0.050459,-0.474338
0.298123,-0.064374,0,0.736987,-0.102624,-0.0925973,-0.661622
0.425279,-0.196052,0,0.738148,0.0530447,-0.0994541,-0.665156
0.421492,-0.209172,0,0.73771,0.00443973,0.019293,-0.674828
0.353458,-0.147846,0,0.727083,-0.0174516,0.0349974,-0.685435
0.287596,-0.0969261,0,0.729572,0.0236251,0.0276646,-0.682936
0.263774,-0.0804246,0,0.721571,0.0347891,0.03511,-0.690574
0.284369,-0.132013,0,0.719185,0.0120516,0.0112377,-0.694623
0.303236,-0.233694,0,0.714126,-0.0117787,-0.0127497,-0.699802
0.302786,-0.311059,0,0.73856,-0.0189979,-0.021901,-0.673564
0.335315,-0.313998,0,0.818119,0.00334923,0.00348589,-0.575028
0.379327,-0.227181,0,0.929363,0.00593871,0.00670094,-0.369059
0.391726,-0.164488,0,0.984552,0.0131256,0.0238321,-0.172964
0.417031,-0.169533,0,0.985882,0.00949104,0.0604699,-0.155852
0.482784,-0.225281,0,0.98881,-0.00263346,0.0315123,-0.145793
0.59578,-0.237574,0,0.988938,0.0018617,0.0240185,-0.146362
0.737747,-0.227986,0,0.988998,0.0369298,0.0243363,-0.141159
0.902623,-0.274657,0,0.988523,0.0252592,0.0313943,-0.145596
1.04216,-0.364871,0,0.987538,-0.0146728,0.0408753,-0.151271
1.20525,-0.517623,0,0.988944,-0.00254938,0.0343769,-0.144225
1.32629,-0.545832,0,0.98902,0.0513384,-0.0219111,-0.136831
1.39305,-0.536884,0,0.989898,0.0334923,0.0139991,-0.137054
1.38468,-0.584556,0,0.990856,-0.0169693,0.0383989,-0.128228
1.36597,-0.685364,0,0.990893,0.0196215,0.0445093,-0.12556
1.44894,-0.797762,0,0.984741,0.0440454,-0.00372006,-0.168319
1.51592,-0.884043,0,0.987219,-0.0262014,0.0203457,-0.155879
1.54632,-0.935746,0,0.988568,-0.00350909,0.0169801,-0.149775
1.5496,-0.933901,0,0.989236,0.0113188,0.0110669,-0.145469
1.5722,-0.894482,0,0.989149,0.011361,0.00945295,-0.146168
1.62853,-0.858924,0,0.989589,0.00863375,0.00855622,-0.143411
1.66363,-0.852477,0,0.989711,0.00608439,0.00787757,-0.142734
1.67381,-0.867188,0,0.989685,0.00546664,0.00711355,-0.142979
1.68651,-0.878116,0,0.989541,0.00456491,0.00593041,-0.14406
1.69131,-0.883748,0,0.989732,0.00419139,0.00516789,-0.142782
1.6947,-0.882087,0,0.989805,0.00454015,0.00802194,-0.142133
1.70496,-0.88643,0,0.989016,0.0379121,0.0145365,-0.142122
1.71516,-0.920487,0,0.989341,0.0396256,0.00277451,-0.140093
1.72269,-1.0034,0,0.990677,-0.0334147,0.00855685,-0.13179
1.72363,-1.06789,0,0.985591,0.0289936,-0.00967867,-0.16636
1.68972,-1.04455,0,0.982932,0.0295295,-0.00657873,-0.181467
1.57244,-0.939633,0,0.988947,0.0115015,0.0237692,-0.145902
1.49097,-0.92692,0,0.989161,0.0192971,0.0273435,-0.142968
1.48512,-0.969958,0,0.988384,0.0471919,-0.00735683,-0.144278
1.52219,-1.04939,0,0.989231,0.0412241,-0.00944438,-0.14012
1.5383,-1.15925,0,0.983143,0.0132507,0.023841,-0.180791
1.4909,-1.31972,0,0.983198,-0.0173313,0.0209567,-0.180507
1.43541,-1.43345,0,0.991554,-0.0114416,0.00542245,-0.129075
1.42556,-1.43855,0,0.990937,0.013891,0.000377091,-0.133606
1.43441,-1.4211,0,0.990146,0.0588566,0.000973709,-0.127064
1.43614,-1.43714,0,0.990771,0.0414794,-0.000502835,-0.129042
1.42482,-1.51678,0,0.992557,0.0685168,-0.00263445,-0.100646
1.3908,-1.61543,0,0.992802,-0.0203217,0.0147874,-0.117104
1.35875,-1.66857,0,0.992905,0.00277037,0.00593909,-0.118729
1.35928,-1.66578,0,0.99284,0.0265886,0.00615819,-0.116289
1.3698,-1.64393,0,0.993401,0.0103712,0.00517075,-0.114108
1.36788,-1.6224,0,0.991618,-0.0322056,0.0194649,-0.123602
1.39077,-1.58372,0,0.993006,0.00291574,0.0181628,-0.116624
1.43279,-1.45627,0,0.990915,0.001067,0.0133318,-0.133825
1.46938,-1.32177,0,0.985724,-0.025514,0.0175865,-0.165494
1.48121,-1.2262,0,0.982718,-0.0234487,0.0167672,-0.18285
1.50335,-1.15893,0,0.983088,-0.0347106,0.0105531,-0.179503
1.51403,-1.07358,0,0.985489,-0.0119359,0.010607,-0.168984
1.53867,-0.993504,0,0.987934,0.0256933,0.00438299,-0.152665
1.56346,-0.94404,0,0.988277,-0.0164492,0.00609363,-0.151657
1.57654,-0.917404,0,0.988638,0.00126217,0.00382297,-0.150265
1.58426,-0.912376,0,0.988185,-0.00427513,0.0310141,-0.150031
1.62561,-0.928531,0,0.988102,3.54763e-05,0.0575519,-0.142627
1.7282,-0.968213,0,0.989924,-0.00205221,0.0235945,-0.139604
1.86659,-1.01061,0,0.989947,-0.000450226,0.0204395,-0.139954
1.99511,-1.02162,0,0.988921,-0.0197586,0.0283405,-0.144368
2.09873,-1.02053,0,0.98819,0.0137953,0.0259124,-0.150395
2.1997,-1.00964,0,0.98698,-0.0198277,-0.0124565,-0.159128
2.30752,-0.971886,0,0.987148,-0.0520077,0.0061233,-0.150985
2.35317,-0.912273,0,0.98943,-0.0192553,0.0226811,-0.141926
2.37616,-0.770133,0,0.988793,0.0115463,0.0160434,-0.147976
2.39772,-0.664637,0,0.988621,0.0272674,0.00921686,-0.147649
2.41788,-0.634165,0,0.989308,0.0180664,0.00740808,-0.144529
2.42658,-0.673426,0,0.988957,0.038615,0.00267094,-0.143058
2.42815,-0.76153,0,0.989237,0.0119572,0.00490986,-0.145747
2.40242,-0.851725,0,0.988442,0.00929489,0.00437717,-0.151251
2.37822,-0.959224,0,0.989291,0.0164489,0.00319959,-0.14499
2.36031,-1.06693,0,0.989609,0.0211921,0.00210284,-0.142198
2.33367,-1.16067,0,0.989396,0.0242889,-0.00481037,-0.143119
2.32458,-1.22876,0,0.989279,0.0276326,0.00358883,-0.143354
2.31905,-1.32151,0,0.988252,0.0289285,0.000911129,-0.150066
2.28916,-1.43489,0,0.989507,0.0300194,-4.5618e-05,-0.141334
2.25042,-1.53745,0,0.988933,0.0306996,0.000135241,-0.145152
2.20921,-1.64186,0,0.988352,0.03153,0.00058489,-0.148881
2.17482,-1.75596,0,0.987964,0.0345948,0.00255709,-0.150746
2.13135,-1.83753,0,0.989601,0.0388843,0.00460725,-0.138405
2.11934,-1.92205,0,0.990076,0.0346883,0.00355594,-0.136135
2.12736,-2.01998,0,0.989273,0.0303953,0.00211294,-0.142863
2.11581,-2.14678,0,0.988085,0.0327247,-0.000226013,-0.150387
2.09724,-2.22517,0,0.987069,0.0331866,-0.000572146,-0.156823
2.07225,-2.33538,0,0.988774,0.033705,0.000326403,-0.145564
2.05606,-2.45243,0,0.989086,0.0336002,0.00107798,-0.143452
2.04834,-2.55202,0,0.990023,0.0337013,0.00133784,-0.136812
2.03968,-2.66207,0,0.992995,0.034353,0.00196596,-0.113038
2.01016,-2.78044,0,0.992597,0.0342834,0.00228515,-0.116496
1.98502,-2.89562,0,0.991782,0.0345226,0.00207013,-0.12318
1.96536,-3.01391,0,0.991643,0.00741083,0.00492637,-0.128705
1.93266,-3.10126,0,0.986085,0.0200224,0.0142344,-0.164419
1.8677,-3.03535,0,0.968899,0.0788381,0.102106,-0.211172
1.81734,-2.93218,0,0.984123,-0.0299588,0.0103746,-0.174635
1.81982,-2.87751,0,0.984628,-0.0185534,-0.00166048,-0.17367
1.90364,-2.81224,0,0.988382,-0.0132665,0.00244474,-0.151393
1.98426,-2.6974,0,0.987871,-0.0186634,0.00591819,-0.15404
2.028,-2.57363,0,0.988758,-0.0226568,0.00799496,-0.147583
2.05964,-2.41234,0,0.991472,-0.025716,0.00892756,-0.127447
2.08612,-2.29292,0,0.990501,-0.0272826,0.00951688,-0.134438
2.1273,-2.18609,0,0.990542,-0.0288848,0.0100804,-0.133754
2.16856,-2.09823,0,0.989642,-0.0299892,0.0111716,-0.139946
2.19786,-2.01524,0,0.990424,-0.0309539,0.0111492,-0.134079
2.18556,-1.87484,0,0.99355,-0.00332542,0.109832,0.0279877
2.16828,-1.70856,0,0.996716,-0.0253095,0.0120059,-0.0759728
2.21334,-1.56996,0,0.990735,-0.0331833,0.00536005,-0.131584
2.29416,-1.45978,0,0.984796,-0.040697,0.0139988,-0.168299
2.34331,-1.35036,0,0.978764,-0.0563842,0.0146158,-0.196541
2.34538,-1.2419,0,0.981268,-0.0374589,0.015524,-0.18833
2.36287,-1.13524,0,0.986472,-0.00131494,0.0067028,-0.163786
2.40653,-1.0336,0,0.987797,0.0129868,-0.0403503,-0.149867
2.39242,-0.978895,0,0.986802,-0.0453606,-0.026002,-0.153256
2.31788,-0.929285,0,0.987964,-0.00640766,-0.00918988,-0.154279
2.2016,-0.866166,0,0.988614,-0.0269141,0.0247711,-0.145958
2.11516,-0.776015,0,0.985992,-0.0530208,0.0336003,-0.154533
2.11951,-0.686685,0,0.979082,0.0235476,-0.00547798,-0.202024
2.16728,-0.618675,0,0.947675,0.00470478,-0.00973915,-0.319053
2.17594,-0.613308,0,0.940703,-0.00982191,-0.00153987,-0.339086
2.17951,-0.627852,0,0.943369,-0.00586565,-0.00157317,-0.331689
2.19829,-0.628254,0,0.961336,-0.00551368,0.000578679,-0.275324
2.19937,-0.615257,0,0.993948,-0.0121051,0.0162172,-0.107975
2.20339,-0.602199,0,0.983628,-0.00436446,0.00283637,0.180135
2.23573,-0.594945,0,0.903979,-0.00554473,-0.00971204,0.427431
2.26619,-0.596678,0,0.773804,-0.0143872,0.0319546,0.632455
2.27632,-0.542001,0,0.703364,-0.0357902,0.0441178,0.708556
2.30538,-0.432201,0,0.698821,-0.0257153,0.0135913,0.714705
2.30383,-0.281098,0,0.704671,-0.0199305,0.0173477,0.709042
2.28824,-0.142529,0,0.727316,-0.0197249,0.0237608,0.685608
2.2805,-0.0114471,0,0.763248,-0.0211991,0.0282041,0.645142
2.2839,0.124546,0,0.824275,-0.0191153,0.0331199,0.564897
2.29839,0.280338,0,0.909448,-0.017628,0.0333937,0.4141
2.33034,0.422086,0,0.981465,-0.0109427,0.0316889,0.188684
2.39025,0.528104,0,0.998851,-0.00805555,0.0269849,-0.0387758
2.46388,0.595891,0,0.98606,-0.0067425,0.0238169,-0.164537
2.54696,0.600242,0,0.986158,-0.00915105,0.0196917,-0.164378
2.64149,0.614989,0,0.985222,-0.0131853,0.0198869,-0.169612
2.75104,0.64255,0,0.983241,-0.0142693,0.0233015,-0.18025
2.86877,0.649785,0,0.98081,-0.011238,0.0275295,-0.192686
2.98857,0.619887,0,0.978077,-0.00699455,0.0296129,-0.20601
3.12053,0.582155,0,0.975282,-0.00411806,0.0310415,-0.218734
3.20341,0.56521,0,0.974706,-0.00224617,0.0321998,-0.221146
3.31163,0.542828,0,0.974544,-0.000416501,0.0335779,-0.221669
3.42204,0.509827,0,0.975652,0.00125551,0.0345096,-0.21659
3.5304,0.476839,0,0.976319,0.00224357,0.0351438,-0.213449
3.64976,0.475522,0,0.975143,0.00671091,0.0423817,-0.217382
3.75457,0.449754,0,0.978717,0.009996,0.038365,-0.201346
3.88284,0.418667,0,0.978717,0.00540033,0.0385315,-0.201492
4.03518,0.36458,0,0.980119,0.00634858,0.0376119,-0.194711
4.16908,0.315092,0,0.979609,0.00412369,0.0362724,-0.197567
4.28285,0.269253,0,0.979396,0.00519335,0.0366567,-0.198526
4.4133,0.219306,0,0.979155,0.00598823,0.0372686,-0.199576
4.56095,0.159774,0,0.978268,0.00669569,0.0376354,-0.203792
4.65976,0.106249,0,0.978446,0.00772458,0.037637,-0.202896
4.77999,0.0580605,0,0.978884,0.00803447,0.0380274,-0.200687
4.88299,0.00517301,0,0.978758,0.00861684,0.0387191,-0.201143
5.01697,-0.0597412,0,0.979322,0.0089907,0.0388557,-0.198337
5.15415,-0.112028,0,0.980307,0.00870248,0.0393062,-0.193334
5.24862,-0.177721,0,0.984706,0.0056365,0.0228919,-0.172623
5.29309,-0.230046,0,0.970529,-0.0354079,0.0620159,-0.230159
5.29017,-0.240914,0,0.970645,0.00429385,0.043568,-0.236499
5.2738,-0.230255,0,0.971706,0.00402793,0.0348772,-0.233569
5.26782,-0.227168,0,0.972252,0.00429039,0.0295111,-0.232028
5.26296,-0.233514,0,0.972794,0.00823624,0.0279968,-0.229828
5.26968,-0.239171,0,0.973039,0.00849373,0.0275504,-0.22883
5.26054,-0.240991,0,0.973475,0.0125701,0.0264344,-0.226912
5.25169,-0.244753,0,0.973629,0.0139282,0.0271862,-0.226082
5.25181,-0.247575,0,0.973727,0.0144596,0.0271894,-0.225627
5.25723,-0.248684,0,0.97382,0.0152317,0.0250666,-0.22542
5.25284,-0.246091,0,0.973642,0.0173867,0.0251087,-0.226029
5.23206,-0.245573,0,0.973669,0.0278688,0.0229973,-0.225087
5.21761,-0.263844,0,0.973205,0.0579562,-0.00850597,-0.222354
5.1648,-0.268433,0,0.982152,0.0292511,-0.0160833,-0.185104
5.0487,-0.281428,0,0.897695,0.1676,0.170313,-0.3702
4.95134,-0.287768,0,0.860461,0.0626349,0.113914,-0.492653
4.95861,-0.241335,0,0.8493,0.0613934,0.0435957,-0.522512
5.01282,-0.239708,0,0.927053,-0.0301799,-0.0122901,-0.373512
5.10619,-0.196999,0,0.960355,-0.0159214,-0.00467431,-0.278284
5.16164,-0.13406,0,0.972626,0.00931787,0.00036816,-0.232189
5.24427,-0.0760636,0,0.976638,0.0415057,-0.00433416,-0.210798
5.30969,-0.102002,0,0.978593,-0.000355169,0.00552026,-0.205729
5.32101,-0.138375,0,0.979214,-0.00564045,0.00775217,-0.202603
5.29111,-0.219576,0,0.97223,-0.0175492,0.0203993,-0.232473
5.27269,-0.255238,0,0.975678,0.0159352,0.0248248,-0.217214
5.23664,-0.249607,0,0.974852,0.0199578,0.0262762,-0.220399
5.21785,-0.264184,0,0.976787,0.0104067,0.0162973,-0.21334
5.21127,-0.279376,0,0.977464,0.0134611,0.0210302,-0.209622
5.2169,-0.288545,0,0.977459,0.0151617,0.0218685,-0.209439
5.20134,-0.27098,0,0.978199,0.0133109,0.0142711,-0.206751
5.21335,-0.233875,0,0.978646,0.00316426,0.00266546,-0.205512
5.23232,-0.231339,0,0.978597,-0.000558848,0.00341788,-0.205758
5.21809,-0.236403,0,0.978732,0.0141644,0.0106225,-0.204378
5.20836,-0.235084,0,0.981361,0.0190199,0.0148761,-0.190652
5.21277,-0.296842,0,0.977571,-0.0135567,0.0311288,-0.207852
5.19582,-0.312791,0,0.96133,-0.0470694,0.0448839,-0.267609
5.23746,-0.254321,0,0.959326,-0.0324343,0.0283324,-0.278995
5.28854,-0.178712,0,0.958469,-0.0236837,0.0208134,-0.283448
5.34485,-0.107744,0,0.951957,-0.0482116,0.0250673,-0.301372
5.39172,-0.0242505,0,0.965357,0.0111401,0.0270659,-0.259285
5.40735,0.040182,0,0.970705,-0.011938,0.0598657,-0.232389
5.53142,0.0301193,0,0.974513,-0.00961841,0.0350446,-0.221369
5.66421,0.0315238,0,0.97581,0.0225905,0.00956926,-0.217239
5.78004,0.0189103,0,0.975349,-0.0598076,-0.0192693,-0.211533
5.89044,0.0033776,0,0.975059,-0.0304412,0.0106436,-0.219591
5.91446,0.0892999,0,0.973197,0.0340157,0.0164213,-0.226851
5.95677,0.112666,0,0.964423,0.0120156,0.0602193,-0.257133
6.0504,0.0576508,0,0.922973,0.0128302,0.0432938,-0.382206
6.14767,-0.0164545,0,0.855163,0.00309012,0.0245856,-0.517767
6.20606,-0.110098,0,0.82311,-0.0142543,-0.0155089,-0.567491
6.28262,-0.173579,0,0.823,-0.0131095,-0.00686255,-0.567849
6.32061,-0.20187,0,0.838495,-0.00228312,0.0155653,-0.544682
6.33291,-0.21176,0,0.894878,-0.00267882,0.017744,-0.445949
6.34927,-0.19992,0,0.971902,-0.000210193,0.0140789,-0.234965
6.36149,-0.19314,0,0.998633,0.00964686,0.0508354,0.00741434
6.38804,-0.196952,0,0.983707,0.00403848,0.0577567,0.1702
6.50617,-0.201146,0,0.980399,-0.016122,0.0243588,0.194847
6.6827,-0.198515,0,0.97674,-0.0102041,0.0214947,0.213102
6.82094,-0.148804,0,0.973327,-0.00696998,0.0264429,0.227785
6.92891,-0.128179,0,0.963291,-0.00575251,0.0302676,0.266684
7.04198,-0.0480016,0,0.961609,-0.00941444,0.0317975,0.272411
7.15593,0.038728,0,0.950912,-0.0127097,0.0324342,0.307494
7.27691,0.0930624,0,0.919673,-0.0141349,0.032966,0.391044
7.37094,0.205341,0,0.900032,-0.0207747,0.0308486,0.434235
7.45099,0.311413,0,0.828136,-0.0218294,0.0283724,0.559383
7.50111,0.416539,0,0.747427,-0.0224231,0.028237,0.663365
7.54446,0.535404,0,0.716701,-0.0241991,0.0269146,0.69644
7.585,0.667761,0,0.705178,-0.0230264,0.0266488,0.708155
7.5853,0.807439,0,0.708294,-0.0207654,0.0295965,0.704991
7.57158,0.955813,0,0.706983,-0.0246223,0.0279898,0.706247
7.54413,1.0901,0,0.705144,-0.0270923,0.0276268,0.708007
7.53183,1.23286,0,0.715075,-0.0273889,0.028038,0.697948
7.52416,1.37599,0,0.719974,-0.0304574,0.0253003,0.692871
7.52778,1.52379,0,0.757061,-0.028058,0.0283016,0.652128
7.49589,1.66802,0,0.764036,-0.031271,0.0253235,0.643917
7.47215,1.79207,0,0.772174,-0.0316488,0.0253109,0.634118
7.45846,1.92313,0,0.770937,-0.0325284,0.0253174,0.635576
7.46421,2.04406,0,0.76705,-0.0327276,0.0253812,0.640249
7.48405,2.18856,0,0.764537,-0.0327212,0.0252447,0.643253
7.48991,2.34417,0,0.766758,-0.0312088,0.0270572,0.640606
7.49785,2.53048,0,0.792813,-0.0284066,0.0296562,0.60808
7.51719,2.65616,0,0.870701,-0.0169986,0.0203548,0.491096
7.52944,2.747,0,0.967965,-5.43486e-05,-0.00488675,0.251037
7.55314,2.81471,0,0.997364,-0.0344189,0.063787,0.00348658
7.64576,2.89293,0,0.963084,0.00804148,0.0250402,-0.267912
7.76,2.92139,0,0.858805,0.0123076,0.00555153,-0.512125
7.85623,2.87336,0,0.701291,0.0144206,0.00195542,-0.712727
7.9289,2.78838,0,0.600794,0.0113086,0.00610605,-0.7993
7.94653,2.72028,0,0.585823,0.00902956,0.004975,-0.810373
7.93935,2.64585,0,0.580267,0.00475832,0.0150245,-0.814274
7.92383,2.5071,0,0.555773,0.00759995,0.0210063,-0.831034
7.90533,2.38699,0,0.553659,0.0115068,0.023793,-0.832324
7.89206,2.3196,0,0.557275,0.0146305,0.0246648,-0.829832
7.86191,2.22494,0,0.554091,0.017466,0.0255728,-0.83188
7.84774,2.1168,0,0.558328,0.0189954,0.0258697,-0.829
7.83577,1.99263,0,0.561407,0.0206766,0.0262309,-0.826865
7.81581,1.87159,0,0.55654,0.0230519,0.0248827,-0.830128
7.7937,1.71215,0,0.509823,0.0258009,0.022412,-0.8596
7.77305,1.58337,0,0.417712,0.0242998,0.0240967,-0.907935
7.73468,1.4521,0,0.373893,0.0253048,0.0211333,-0.926886
7.67576,1.33863,0,0.346943,0.0249681,0.0218795,-0.937298
7.61909,1.25228,0,0.340813,0.0251595,0.024624,-0.939472
7.55722,1.144,0,0.336442,0.0253366,0.0246925,-0.941039
7.47737,1.02129,0,0.328824,0.0266928,0.0235733,-0.94372
7.40791,0.934288,0,0.322751,0.0276566,0.0230449,-0.945799
7.33729,0.85015,0,0.308242,0.0291784,0.0198286,-0.950653
7.25336,0.746567,0,0.269333,0.0288343,0.0207222,-0.962392
7.16804,0.649616,0,0.263226,0.0296683,0.0174936,-0.964119
7.07967,0.540895,0,0.23727,0.02935,0.0188504,-0.970817
6.99617,0.448788,0,0.230486,0.0304073,0.0162404,-0.972465
6.88865,0.373428,0,0.201664,0.0304831,0.017081,-0.978831
6.79394,0.286726,0,0.169621,0.0316431,0.0131019,-0.984914
6.69358,0.228004,0,0.108079,0.0318313,0.0115507,-0.993565
6.593,0.165184,0,0.0426741,0.0315684,0.0120856,-0.998517
6.46812,0.116814,0,0.0243791,0.0313333,0.00972606,-0.999164
6.37213,0.0778534,0,0.0270858,0.0319385,0.0114987,-0.999057
6.27322,0.038951,0,-0.000481068,0.032655,0.00874103,-0.999428
6.12006,0.0108845,0,-0.107353,0.0323396,0.00107967,-0.993694
5.9922,0.00559263,0,-0.294128,0.0302921,0.00187666,-0.955284
5.85173,0.020283,0,-0.345281,0.0290984,-0.00527127,-0.938033
5.74889,0.0641089,0,-0.337478,0.0148645,0.00553854,-0.9412
5.66897,0.116093,0,-0.316845,-0.0191194,0.018609,-0.948102
5.62266,0.133084,0,-0.313838,0.0587413,-0.00606138,-0.947638
5.5753,0.148163,0,-0.317117,0.0364937,-0.00259708,-0.94768
5.48884,0.195612,0,-0.321689,-0.0264758,0.01258,-0.946392
5.44744,0.216742,0,-0.321516,0.00788939,0.00218276,-0.946869
5.46361,0.209876,0,-0.322301,0.0112127,-0.000840227,-0.946571
5.49075,0.19465,0,-0.322116,0.00925241,-0.00112553,-0.946654
5.4986,0.190331,0,-0.320064,0.00591421,-0.000904459,-0.947377
5.48755,0.187393,0,-0.318475,0.00408935,-0.000468132,-0.947922
5.47859,0.195468,0,-0.319812,0.0182202,-0.000584805,-0.947306
5.46497,0.216683,0,-0.315723,0.0538694,-0.0127001,-0.947236
5.40761,0.257679,0,-0.315631,0.00801075,-0.00274045,-0.948844
5.29304,0.320665,0,-0.316434,0.028006,-0.00737303,-0.948173
5.17393,0.37546,0,-0.376809,0.0499213,-0.0311512,-0.92442
5.14348,0.372632,0,-0.42387,0.0658987,-0.0444493,-0.902228
5.11382,0.384985,0,-0.486291,0.0680463,-0.0316391,-0.870568
5.07786,0.391145,0,-0.513915,0.074575,-0.0353392,-0.853863
5.0126,0.419349,0,-0.551462,0.00889592,-0.00557019,-0.834134
5.01836,0.409026,0,-0.555892,0.0127658,-0.00897184,-0.831108
5.03562,0.396756,0,-0.557348,0.0217885,-0.00349455,-0.829986
5.03502,0.400045,0,-0.552588,0.0193727,-0.00113785,-0.833228
5.01454,0.410848,0,-0.544017,0.0112199,-0.00324393,-0.838993
5.02589,0.409292,0,-0.526394,0.00764765,-0.00469937,-0.850193
5.03999,0.402625,0,-0.538565,0.00946888,-0.00422042,-0.84252
5.02816,0.400274,0,-0.540135,0.00943171,-0.00310143,-0.84152
5.00712,0.401536,0,-0.533888,0.00598473,-0.00386573,-0.845525
5.03315,0.400026,0,-0.535018,0.00441568,-0.0046171,-0.844817
5.04837,0.402505,0,-0.541252,0.00691941,-0.00297177,-0.840826
5.04032,0.405979,0,-0.543208,0.00683662,-0.00135208,-0.839569
5.03538,0.405395,0,-0.541898,0.0053167,-0.00156139,-0.840426
5.04042,0.397135,0,-0.540573,0.00373243,-0.00100995,-0.841288
5.04884,0.392421,0,-0.538846,0.000869483,-0.00129773,-0.842403
5.05049,0.390621,0,-0.539532,0.000457075,-0.00109147,-0.841964
5.03314,0.398149,0,-0.54793,0.0289683,-0.0135766,-0.835912
5.03397,0.423571,0,-0.62482,0.0448352,-0.0384791,-0.77853
5.00351,0.483341,0,-0.747728,0.0422185,-0.0258598,-0.662156
5.00085,0.559914,0,-0.811052,0.0597392,-0.0592777,-0.578889
4.91241,0.575669,0,-0.775281,0.0270431,-0.120108,-0.619502
4.86282,0.552458,0,-0.788783,0.0421654,-0.0284447,-0.612564
4.90691,0.524843,0,-0.798009,-0.00963535,0.0296137,-0.60184
4.91448,0.507722,0,-0.799755,-0.019066,0.0423739,-0.598525
4.85584,0.446329,0,-0.830694,0.00185354,0.0181924,-0.55643
4.78317,0.351391,0,-0.910633,0.0044785,0.0225134,-0.412577
4.74518,0.234834,0,-0.988637,0.017068,0.00519748,-0.149257
4.69149,0.168125,0,-0.993145,0.0179727,-0.0132098,0.114744
4.68559,0.175747,0,-0.920474,-0.00040625,0.00556896,0.390764
4.70022,0.208131,0,-0.784967,-0.00224866,0.00532781,0.61951
4.64669,0.257442,0,-0.59521,-0.00173376,0.00184804,0.803566
4.6397,0.327758,0,-0.373504,0.00128991,-0.000611394,0.927628
4.63892,0.346365,0,-0.237922,0.00378489,-0.0038161,0.971269
4.67245,0.358275,0,-0.218323,0.0019535,0.00268669,0.975871
4.70406,0.348405,0,-0.185101,0.00305886,0.00143854,0.982714
4.70329,0.358093,0,-0.164694,0.00276276,0.00153538,0.98634
4.70686,0.387976,0,-0.136616,-0.0309117,0.00487253,0.99013
4.67929,0.400538,0,-0.0137589,-0.0446065,0.00383786,0.998903
4.58577,0.398498,0,0.162755,-0.0142125,0.00651251,0.986543
4.45634,0.407981,0,0.22293,-0.0154113,0.0148555,0.974599
4.34926,0.43726,0,0.249326,-0.0203055,0.00852822,0.968169
4.19295,0.494613,0,0.256042,-0.0247147,0.00445151,0.966339
4.0957,0.561117,0,0.268104,-0.0277518,0.00255968,0.962987
4.01839,0.610988,0,0.265954,-0.0300719,0.00332648,0.963511
3.94765,0.66675,0,0.275836,-0.0377122,0.0132328,0.960374
3.81236,0.688873,0,0.319195,-0.0837984,0.0484391,0.942733
3.70388,0.718103,0,0.189329,-0.033194,-0.00327322,0.981347
3.59636,0.758718,0,-0.0602491,-0.0282049,-0.0121829,0.99771
3.47075,0.789045,0,-0.345422,0.000151257,-0.00722767,0.93842
3.3086,0.792329,0,-0.467353,-0.0282428,-0.0251679,0.883261
3.22787,0.73845,0,-0.469875,-0.026071,-0.00937137,0.882298
3.14883,0.649119,0,-0.466779,-0.0275354,0.000472634,0.883945
3.07244,0.539429,0,-0.407283,-0.0318648,0.00329254,0.91274
2.99552,0.419713,0,-0.28753,-0.0315117,-0.00348185,0.957247
2.91198,0.344943,0,-0.243137,-0.0350055,0.000229077,0.96936
2.80664,0.275015,0,-0.208118,-0.0326228,-0.00979145,0.977511
2.6964,0.195082,0,-0.195767,-0.0325363,-0.0104086,0.980055
2.57522,0.12215,0,-0.207895,-0.0325168,-0.0130779,0.977523
2.44726,0.0788583,0,-0.226095,-0.0326894,-0.0147114,0.973445
2.34441,0.0416766,0,-0.288644,-0.0317493,-0.0186513,0.956728
2.24126,-0.0101847,0,-0.389474,-0.0332526,-0.0138774,0.920332
2.13505,-0.078947,0,-0.412464,-0.0311787,-0.0181785,0.910258
2.03807,-0.171099,0,-0.424635,0.0152848,0.0116158,0.905161
1.99227,-0.250996,0,-0.389234,-0.0360754,0.00221705,0.920429
2.02545,-0.270827,0,-0.38351,-0.0424482,-0.00898821,0.922517
2.06353,-0.221468,0,-0.39157,-0.0115585,-0.00406249,0.920067
2.07829,-0.183675,0,-0.391229,-0.00605968,-0.00359152,0.920266
2.06243,-0.186528,0,-0.390942,-0.00518308,-0.00259683,0.920397
2.04853,-0.221571,0,-0.354547,-0.0458218,-0.0173232,0.933754
2.0095,-0.267032,0,-0.247852,-0.06826,0.00202538,0.966388
1.95313,-0.34951,0,0.00577477,-0.0284023,0.0377013,0.998869
1.86065,-0.418431,0,0.255558,0.00103826,0.00425798,0.966784
1.75014,-0.441228,0,0.338707,0.0282939,0.0191711,0.940271
1.71911,-0.435871,0,0.332312,0.0121424,0.0455886,0.941989
1.78044,-0.379505,0,0.321158,0.000294931,0.0161389,0.946888
1.88288,-0.28824,0,0.32134,0.00162272,0.0108056,0.946901
1.95873,-0.187405,0,0.311307,-0.00233844,0.00485174,0.950294
1.97564,-0.146595,0,0.278398,-0.0126141,0.00440365,0.960373
1.9654,-0.157956,0,0.289584,-0.0093019,0.00590843,0.957089
1.94426,-0.197175,0,0.305253,-0.00391897,-0.0297824,0.951797
1.89387,-0.278667,0,0.337104,0.0335145,-0.047156,0.939688
1.88015,-0.411518,0,0.338251,0.0205953,-0.0139965,0.940726
1.92077,-0.574153,0,0.337476,-0.0363469,-0.00643225,0.94061
1.91447,-0.705589,0,0.348948,-0.01293,0.024117,0.936743
1.83431,-0.773216,0,0.357507,-0.0260306,0.0268468,0.933161
1.7459,-0.728085,0,0.366517,-0.0343985,-0.00295736,0.92977
1.67126,-0.636446,0,0.368367,-0.0120125,-0.0103866,0.929545
1.56624,-0.539769,0,0.408275,0.0117376,0.00174208,0.912782
1.53528,-0.513692,0,0.518553,-0.112737,0.0559038,0.845735
1.58749,-0.5027,0,0.544038,-0.0693252,0.0354629,0.835439
1.60687,-0.496473,0,0.537697,-0.0761759,0.0281958,0.839216
1.60433,-0.49857,0,0.535135,-0.0994121,0.00603646,0.838875
1.57278,-0.493194,0,0.553613,-0.0850216,0.00703549,0.828393
1.53381,-0.504966,0,0.581079,-0.0761452,0.00365494,0.810269
1.52725,-0.509481,0,0.602499,-0.0746173,-0.000911584,0.794623
1.5501,-0.489093,0,0.60033,-0.0423428,0.0321998,0.797982
1.57659,-0.484465,0,0.543019,-0.0105869,0.0189205,0.83944
1.63862,-0.497548,0,0.426839,-0.0321093,-0.0706693,0.90099
1.7223,-0.517861,0,0.38472,0.0558252,-0.141972,0.91034
1.77187,-0.634782,0,0.417764,0.0400594,-0.0588713,0.905761
1.80855,-0.812115,0,0.4278,0.0147728,-0.0115721,0.903679
1.87258,-1.02493,0,0.4329,-0.0177798,0.000799963,0.901266
1.83635,-1.19923,0,0.549538,0.0583862,-0.0338583,0.832738
1.74753,-1.08657,0,0.551137,0.0966141,-0.077432,0.825178
1.65673,-1.02293,0,0.468547,0.0398287,0.00668738,0.882515
1.61321,-1.07972,0,0.43485,0.0351238,-0.0257936,0.899448
1.61494,-1.1385,0,0.42187,0.0101077,-0.0426728,0.905595
1.60763,-1.17112,0,0.395381,-0.0369303,0.00157961,0.917773
1.55071,-1.15891,0,0.357912,-0.0672998,0.0181742,0.931149
1.52324,-1.16421,0,0.192189,-0.083329,0.0444643,0.976802
1.47453,-1.19816,0,0.0907129,-0.0828071,0.0457738,0.991372
1.42553,-1.25371,0,0.0939358,-0.0743028,-0.0121895,0.992727
1.41418,-1.29883,0,0.119696,-0.0407638,-0.00569016,0.991957
1.42491,-1.32131,0,0.155514,-0.0243782,-0.0302543,0.987069
1.40347,-1.3704,0,0.143769,-0.0124811,-0.0683871,0.987167
1.38518,-1.44883,0,0.16099,-0.0137959,-0.0432361,0.985912
1.37086,-1.59573,0,0.172591,-0.00930511,-0.0621136,0.982989
1.33519,-1.75701,0,0.11204,-0.00731007,-0.0243532,0.993378
1.29315,-1.92497,0,0.102823,-0.00124565,-0.00132802,0.994698
1.25845,-2.07089,0,0.0919642,-0.000620828,0.0104485,0.995707
1.25852,-2.08437,0,0.0967255,-0.0370656,-0.0583915,0.992905
1.29722,-2.06139,0,0.180493,0.0216272,-0.00895485,0.983298
1.31142,-1.97339,0,0.10059,0.0125234,0.0037402,0.994842
1.29639,-1.90143,0,0.099091,0.00796531,0.00227849,0.995044
1.27637,-1.81079,0,0.102736,0.0047906,0.00794439,0.994665
1.28088,-1.69489,0,0.123491,-0.00324805,0.017901,0.992179
1.31215,-1.62894,0,0.199585,-0.0549813,0.0206632,0.978118
1.3678,-1.49078,0,0.152144,-0.0403189,-0.0387323,0.986776
1.42117,-1.33862,0,0.0784251,-0.0198409,0.0221568,0.996476
1.4595,-1.27577,0,0.077786,-0.0228762,0.0145683,0.996601
1.45124,-1.28368,0,0.0983848,-0.0793775,0.0390436,0.991209
1.40571,-1.33348,0,0.12342,-0.0954992,0.0334057,0.987184
1.39265,-1.35315,0,0.113015,-0.0901149,0.0787729,0.986358
1.42272,-1.34755,0,0.0662426,-0.0416546,0.0966405,0.992239
1.43768,-1.29998,0,0.0735941,-0.0189605,0.129526,0.988659
1.43223,-1.29152,0,0.0748766,-0.0177296,0.110039,0.990944
1.41981,-1.29697,0,0.0718011,-0.0137876,0.113559,0.990837
1.41477,-1.31517,0,0.0769483,-0.00688171,0.118196,0.98998
1.42421,-1.3163,0,0.0763312,-0.00583636,0.122655,0.989492
1.43448,-1.30254,0,0.0728208,-0.00392787,0.130156,0.988808
1.43751,-1.2702,0,0.0730628,-0.00456336,0.152342,0.985613
1.44149,-1.2595,0,0.0709264,-0.00719819,0.157098,0.985007
1.43028,-1.26898,0,0.095998,0.0294904,0.0533241,0.993515
1.45563,-1.23079,0,0.111241,0.0244244,-0.0344374,0.992896
1.50094,-1.16366,0,0.153283,-0.0140455,0.031948,0.987566
1.51058,-1.11153,0,0.113874,-0.00362148,0.0759094,0.990584
1.49715,-1.0333,0,0.0649394,-0.0462174,0.0558287,0.995254
1.44601,-0.889254,0,0.0786766,-0.0506036,0.0226007,0.995358
1.34677,-0.718392,0,0.107052,-0.0173178,0.0102183,0.99405
1.24069,-0.547872,0,0.109201,-0.02842,-0.0220496,0.993369
1.0818,-0.455487,0,0.104193,-0.0256942,0.0134852,0.994134
0.938139,-0.43379,0,0.111071,-0.0303543,0.0169044,0.993205
0.790749,-0.427156,0,0.113228,-0.0329558,0.0213663,0.992792
0.637525,-0.389218,0,0.113922,-0.0361207,0.0187439,0.992656
0.50698,-0.350585,0,0.107554,-0.0383771,0.0133358,0.993369
0.363888,-0.294372,0,0.104019,-0.0391984,0.0110954,0.993741
0.210045,-0.242071,0,0.106458,-0.0403014,0.0100037,0.99345
0.0523149,-0.196257,0,0.103122,-0.0410005,0.00982516,0.993775
-0.0528882,-0.15936,0,0.117611,-0.0409684,0.010413,0.99216
-0.158629,-0.113515,0,0.126572,-0.0407906,0.0104162,0.991064
-0.293831,-0.0666793,0,0.125265,-0.0340489,0.00980058,0.99149
-0.460403,-0.00603219,0,0.117679,0.0163129,0.0047888,0.992906
-0.544895,0.0355731,0,0.127164,-0.0078468,0.0055899,0.991835
