0.0255196,0.000898614,0.0398563
0.0212629,-0.00190518,0.0413266
0.0102723,-0.0091392,0.0454872
0.00729356,-0.0111323,0.046636
-0.00145963,-0.0172894,0.0500391
-0.00856101,-0.0226562,0.0527633
-0.0144514,-0.0278368,0.0547807
-0.0184386,-0.0321633,0.0562475
-0.0211415,-0.0356765,0.057058
-0.0231374,-0.0388466,0.057499
-0.0246077,-0.0416606,0.0575158
-0.0258532,-0.0447474,0.0572505
-0.0263348,-0.0466072,0.0571014
-0.026081,-0.0484714,0.0565601
-0.0251743,-0.0493416,0.0562043
-0.0239458,-0.0500452,0.0559707
-0.0216542,-0.0505292,0.0555903
-0.0191231,-0.0505533,0.0549777
-0.0172752,-0.0504418,0.0545191
-0.0161527,-0.05041,0.0542497
-0.0154086,-0.050474,0.0540666
-0.0146014,-0.0506654,0.0538712
-0.0135917,-0.0509911,0.0536769
-0.0124463,-0.0513834,0.0535117
-0.0107341,-0.0519311,0.053329
-0.00837521,-0.0525578,0.0531679
-0.00599964,-0.053124,0.053057
-0.00255492,-0.0538574,0.0529642
0.00177109,-0.0546701,0.0528771
0.00706681,-0.0555522,0.0527791
0.0219159,-0.0574034,0.052253
0.0294123,-0.0581948,0.051809
0.0413648,-0.059405,0.0509708
0.0531983,-0.0605459,0.0500831
0.0644799,-0.0616157,0.0492353
0.0762706,-0.0627283,0.0483695
0.0915846,-0.0641446,0.0472775
0.105751,-0.0653947,0.0462815
0.120154,-0.0665969,0.0452472
0.133097,-0.0676097,0.0442612
0.14775,-0.0686777,0.0430848
0.192817,-0.0713589,0.0393674
0.23739,-0.0728121,0.035943
0.252976,-0.0730282,0.0348199
0.284249,-0.0729534,0.0327008
0.301764,-0.0726559,0.0316404
0.33177,-0.0715929,0.0300858
0.349598,-0.0706111,0.0293649
0.365757,-0.0695874,0.0288742
0.380167,-0.0686117,0.0285202
0.410963,-0.0663986,0.0278964
0.425555,-0.065336,0.0276792
0.44204,-0.0642174,0.027491
0.458587,-0.0632566,0.0273505
0.489951,-0.0616481,0.0271561
0.543662,-0.0588779,0.0270561
0.556641,-0.0583118,0.027079
0.571465,-0.0578597,0.0271312
0.586311,-0.0575755,0.0272149
0.636622,-0.0566321,0.0276791
0.653483,-0.0562722,0.0278539
0.670394,-0.0560269,0.0280435
0.687334,-0.0559137,0.0282665
0.704328,-0.055968,0.028497
0.753722,-0.0563337,0.0290458
0.788108,-0.0567586,0.0293696
0.851544,-0.0574837,0.0302298
0.898294,-0.0575579,0.0310033
0.917898,-0.0576421,0.0313596
0.949383,-0.0580806,0.0319841
1.00665,-0.05895,0.0332968
1.02253,-0.0592772,0.0337044
1.05849,-0.0602822,0.0346115
1.11055,-0.0619083,0.0360351
1.16665,-0.0635847,0.0379306
1.18671,-0.0643885,0.0386785
1.20077,-0.0651979,0.0392062
1.21888,-0.0666488,0.0398699
1.23502,-0.06841,0.0404507
1.25118,-0.0707066,0.0410192
1.26737,-0.0736349,0.0416107
1.2856,-0.0778177,0.0423602
1.30388,-0.0830856,0.0431991
1.31812,-0.0880338,0.0438528
1.3385,-0.0964589,0.0447595
1.35481,-0.104354,0.0454007
1.37315,-0.114438,0.0460284
1.39143,-0.125684,0.0465689
1.40762,-0.136568,0.0470379
1.42371,-0.148159,0.047539
1.44369,-0.16349,0.0482193
1.46345,-0.179535,0.0489919
1.47895,-0.192759,0.0496884
1.49779,-0.209655,0.0506191
1.51396,-0.225127,0.0515513
1.52582,-0.237295,0.0523724
1.53842,-0.251315,0.0534136
1.55121,-0.26721,0.0546929
1.56241,-0.283211,0.0559521
1.57098,-0.297384,0.0570007
1.57826,-0.31142,0.0580139
1.58363,-0.323439,0.0588838
1.58978,-0.339938,0.0602113
1.59317,-0.350851,0.0612129
1.59658,-0.363906,0.0626351
1.59919,-0.375654,0.0642088
1.60121,-0.385944,0.0658636
1.60279,-0.394718,0.0675451
1.60417,-0.402715,0.0693788
1.60539,-0.409438,0.0713425
1.60607,-0.41273,0.0725732
1.60746,-0.417637,0.0754759
1.60811,-0.418875,0.0770323
1.60884,-0.419353,0.0788661
1.60943,-0.419069,0.0803383
1.61014,-0.417998,0.082057
1.61095,-0.415778,0.0840359
1.61161,-0.413265,0.0856133
1.6125,-0.408953,0.0877267
1.61339,-0.403309,0.0899237
1.61521,-0.381007,0.0954604
1.61563,-0.371332,0.0970189
1.6161,-0.359313,0.0986808
1.61646,-0.347764,0.100153
1.6168,-0.335487,0.101635
1.61708,-0.32257,0.103141
1.61736,-0.305694,0.105057
1.61752,-0.291741,0.1066
1.6176,-0.27387,0.108576
1.61756,-0.261116,0.109992
1.61743,-0.246349,0.111658
1.61704,-0.225747,0.114062
1.61648,-0.208691,0.116184
1.6156,-0.189591,0.118637
1.61469,-0.174225,0.120701
1.61356,-0.15878,0.122896
1.61196,-0.141306,0.125516
1.60995,-0.123809,0.128168
1.60718,-0.104383,0.130935
1.60416,-0.0870143,0.13308
1.60101,-0.0717079,0.134678
1.59691,-0.054708,0.13621
1.59223,-0.0380067,0.137585
1.5875,-0.023518,0.138747
1.58151,-0.00765735,0.140038
1.5748,0.00769559,0.141391
1.56823,0.020857,0.142627
1.56108,0.0335126,0.143898
1.55133,0.0485156,0.145497
1.54291,0.0598337,0.146805
1.53394,0.0705113,0.148114
1.52443,0.0804902,0.149431
1.51437,0.0897326,0.150763
1.50382,0.0982222,0.152109
1.49142,0.106798,0.153573
1.47997,0.113512,0.15486
1.46665,0.12001,0.156322
1.45291,0.125347,0.157804
1.44199,0.128684,0.158968
1.4261,0.132234,0.16064
1.41161,0.134192,0.162154
1.3986,0.134974,0.163498
1.38393,0.134798,0.164985
1.36768,0.133317,0.166634
1.35484,0.131187,0.167954
1.34064,0.127809,0.169441
1.32827,0.123944,0.170748
1.3162,0.119312,0.172037
1.30306,0.11319,0.173441
1.29183,0.106999,0.174667
1.27975,0.0992041,0.176013
1.26834,0.0905989,0.177334
1.25881,0.0823442,0.178499
1.24888,0.0723947,0.179782
1.23983,0.0617502,0.181055
1.23173,0.0505267,0.182353
1.22464,0.0387867,0.183687
1.21863,0.0266136,0.185084
1.21322,0.012693,0.186604
1.21025,0.00276793,0.187661
1.20741,-0.0101489,0.189041
1.2058,-0.0217835,0.190293
1.20503,-0.0334648,0.191575
1.2051,-0.0451331,0.192897
1.2062,-0.0581736,0.194429
1.20835,-0.0710458,0.195973
1.21113,-0.0823111,0.197332
1.21471,-0.0933244,0.198709
1.21911,-0.104034,0.200103
1.22427,-0.114364,0.201481
1.23099,-0.125434,0.203046
1.23859,-0.135838,0.204596
1.24606,-0.144438,0.205933
1.2552,-0.153328,0.207388
1.2639,-0.160454,0.208668
1.27313,-0.166786,0.209936
1.28403,-0.172916,0.211355
1.29537,-0.177971,0.212776
1.30711,-0.181901,0.214186
1.31645,-0.184163,0.215249
1.32869,-0.18603,0.216557
1.34102,-0.186711,0.21781
1.35468,-0.186078,0.219179
1.36817,-0.184051,0.220517
1.37873,-0.181473,0.221574
1.39029,-0.17755,0.222781
1.39902,-0.173781,0.22373
1.40983,-0.168035,0.224953
1.42008,-0.161298,0.22616
1.42864,-0.154531,0.2272
1.43758,-0.14608,0.22834
1.44571,-0.13679,0.229418
1.45292,-0.126717,0.230447
1.45916,-0.115902,0.231395
1.46438,-0.104415,0.232309
1.46849,-0.0923844,0.233194
1.47089,-0.0826926,0.233825
1.47324,-0.0669338,0.234749
1.47377,-0.0536523,0.235475
1.47319,-0.0416352,0.236077
1.47165,-0.0294969,0.236607
1.46838,-0.0142677,0.237109
1.46468,-0.00211539,0.237434
1.4594,0.0114472,0.237703
1.45378,0.0233358,0.237912
1.44555,0.0378558,0.238109
1.43801,0.0490975,0.238234
1.42858,0.0612627,0.238325
1.41696,0.0740514,0.238389
1.40691,0.0836431,0.238406
1.39622,0.0926148,0.238406
1.38496,0.100914,0.238376
1.37317,0.108452,0.238348
1.36091,0.115178,0.238351
1.34664,0.121757,0.238368
1.33194,0.127217,0.238338
1.31692,0.131556,0.238202
1.30165,0.134754,0.237906
1.28795,0.136642,0.237503
1.27423,0.137666,0.236983
1.2589,0.137882,0.236308
1.24549,0.137374,0.235678
1.22918,0.135959,0.234888
1.21219,0.13376,0.234044
1.20069,0.131937,0.233496
1.18631,0.129436,0.232839
1.17591,0.127633,0.232354
1.16681,0.12612,0.231893
1.15903,0.124965,0.231398
1.15314,0.124223,0.230933
1.147,0.123645,0.230316
1.14297,0.123415,0.229841
1.13922,0.123365,0.229325
1.1368,0.123458,0.228958
1.13419,0.12371,0.228548
1.13229,0.124033,0.228214
1.1307,0.124445,0.227862
1.12908,0.125035,0.227423
1.12777,0.125704,0.226964
1.127,0.126198,0.226645
1.12619,0.126779,0.226289
1.12546,0.127326,0.225932
1.12475,0.127871,0.225554
1.12388,0.128561,0.225046
1.12314,0.129128,0.224603
1.12225,0.129707,0.224022
1.12114,0.130284,0.223308
1.12006,0.130755,0.222653
1.11887,0.131161,0.221963
1.11652,0.131859,0.220567
1.11282,0.132971,0.217979
1.10967,0.133834,0.215413
1.10748,0.134293,0.21334
1.10643,0.13447,0.212551
1.10529,0.134562,0.211754
1.10395,0.134589,0.210713
1.10296,0.134522,0.209859
1.1016,0.134366,0.20871
1.10019,0.134165,0.207558
1.09891,0.133962,0.206562
1.09762,0.133714,0.205648
1.0963,0.133432,0.204806
1.09498,0.133098,0.204047
1.09365,0.132696,0.203331
1.09232,0.132248,0.202729
1.09096,0.131771,0.202222
1.08942,0.131175,0.201741
1.08799,0.130585,0.201475
1.08631,0.12985,0.201406
1.0846,0.12904,0.201561
1.08305,0.128278,0.201787
1.08109,0.127227,0.202102
1.07936,0.12618,0.202194
1.07782,0.125181,0.202028
1.07616,0.12404,0.201522
1.07442,0.122735,0.200602
1.07312,0.12169,0.199662
1.07161,0.12045,0.198364
1.07034,0.119413,0.197139
1.06901,0.11835,0.195825
1.06779,0.117359,0.194511
1.06676,0.116516,0.193321
1.0658,0.115659,0.192081
1.06491,0.114804,0.190795
1.06391,0.113817,0.189236
1.06318,0.113012,0.188015
1.06253,0.11218,0.18681
1.06188,0.111254,0.18553
1.06136,0.110398,0.184423
1.06091,0.109411,0.183225
1.06061,0.108598,0.182308
1.06031,0.107459,0.181121
1.06012,0.106514,0.180176
1.06,0.105631,0.179365
1.05992,0.104642,0.178505
1.05987,0.103635,0.177724
1.05985,0.102771,0.177065
1.05984,0.101873,0.176412
1.05987,0.100772,0.175589
1.05993,0.0998852,0.174849
1.06005,0.0988686,0.173942
1.0603,0.097752,0.172865
1.06059,0.0967118,0.171794
1.061,0.0956598,0.170603
1.06144,0.0947074,0.169443
1.06188,0.0938384,0.168335
1.06255,0.0927118,0.166754
1.06328,0.0916974,0.165165
1.06408,0.0906686,0.163417
1.06517,0.0893329,0.161084
1.06625,0.0879649,0.158862
1.06738,0.0865948,0.156817
1.06935,0.0844473,0.154017
1.07126,0.0827194,0.152053
1.07414,0.0806507,0.149937
1.07801,0.078589,0.147926
1.08306,0.0766328,0.145962
1.08944,0.0748777,0.143995
1.09538,0.0737495,0.142414
1.10427,0.0727163,0.140253
1.11215,0.0722859,0.138445
1.12209,0.0722007,0.136242
1.13294,0.0726089,0.133953
1.14452,0.0735224,0.131639
1.15831,0.0751444,0.129054
1.17442,0.0776525,0.12626
1.18774,0.0800979,0.124064
1.20482,0.0836762,0.121388
1.22047,0.0873253,0.11901
1.23275,0.0904185,0.117189
1.25042,0.0952264,0.114613
1.2664,0.0998957,0.112315
1.27704,0.10316,0.110787
1.29476,0.108853,0.108303
1.30892,0.1136,0.106351
1.3248,0.119114,0.104154
1.35475,0.13011,0.100105
1.38649,0.142536,0.0958804
1.43239,0.161868,0.0895993
1.44827,0.168874,0.0874292
1.49766,0.191671,0.0807562
1.51355,0.199283,0.0784925
1.52938,0.206986,0.0761159
1.54518,0.214777,0.0736583
1.55923,0.221746,0.0714292
1.57505,0.229646,0.0689004
1.59267,0.238439,0.0660916
1.62095,0.252586,0.061648
1.64583,0.265133,0.0578984
1.67626,0.280692,0.053427
1.72171,0.303981,0.046944
1.75285,0.320154,0.0426156
1.7859,0.337647,0.0379934
1.80059,0.345545,0.0359326
1.83356,0.36366,0.0311886
1.86643,0.38234,0.0264583
1.88459,0.392957,0.0238619
1.89901,0.401581,0.0217458
1.91515,0.411405,0.0193176
1.9329,0.422526,0.0166051
1.95222,0.434965,0.0136283
1.96439,0.443005,0.0117279
1.98161,0.454649,0.00907753
1.99525,0.464098,0.00698255
2.00874,0.473627,0.00490843
2.02372,0.484468,0.00263661
2.03847,0.495354,0.000511775
2.0497,0.503787,-0.00102692
2.06368,0.514471,-0.00274859
2.07832,0.525996,-0.00421036
2.09043,0.535864,-0.0051202
2.10011,0.544074,-0.00572
2.10967,0.552546,-0.00639711
2.11777,0.560097,-0.00729536
2.12378,0.565972,-0.00840492
2.12989,0.57217,-0.0101888
2.13423,0.576695,-0.0121399
2.13737,0.579948,-0.0140397
2.14056,0.583129,-0.0164533
2.14241,0.584894,-0.0180513
2.14427,0.586537,-0.0197005
2.14591,0.587886,-0.0211814
2.14791,0.589403,-0.0230435
2.14936,0.590456,-0.0244928
2.15051,0.591303,-0.0257794
2.15179,0.592319,-0.0273706
2.15271,0.593134,-0.028647
2.15351,0.593972,-0.0299126
2.15422,0.594842,-0.0311447
2.1548,0.595754,-0.0323485
2.15528,0.596721,-0.0335512
2.15571,0.597857,-0.0349116
2.15602,0.59915,-0.0364114
2.15618,0.600187,-0.0376181
2.15626,0.60149,-0.0391857
2.15617,0.603374,-0.0415646
2.15564,0.606442,-0.0453975
2.15538,0.607428,-0.0466026
2.15508,0.608375,-0.0477756
2.15476,0.60941,-0.0490583
2.15448,0.610297,-0.0501302
2.15423,0.6111,-0.0509935
2.15396,0.612012,-0.0518984
2.1538,0.613019,-0.0527308
2.15377,0.613928,-0.0532715
2.15386,0.615035,-0.0537375
2.15414,0.616611,-0.0541431
2.15477,0.618925,-0.0544152
2.15558,0.621545,-0.054484
2.15676,0.625141,-0.0545208
2.15817,0.629393,-0.0546975
2.15974,0.634209,-0.0551671
2.16148,0.63939,-0.0559962
2.16362,0.645343,-0.0572911
2.16551,0.650036,-0.0584813
2.16781,0.655063,-0.0598943
2.16997,0.659223,-0.061161
2.17217,0.663055,-0.0624016
2.17496,0.66739,-0.0638931
2.17722,0.670529,-0.0650382
2.18006,0.674218,-0.066424
2.18274,0.677435,-0.0676374
2.18597,0.681094,-0.0689161
2.18883,0.684217,-0.0698915
2.19246,0.68807,-0.0708917
2.19619,0.691871,-0.0717154
2.20114,0.696631,-0.0725981
2.20779,0.702471,-0.0735477
2.21491,0.708171,-0.0743804
2.22313,0.714208,-0.0752731
2.2313,0.719798,-0.0761552
2.24132,0.726246,-0.0772614
2.25079,0.731991,-0.0782342
2.26056,0.737611,-0.0791626
2.27034,0.743032,-0.0799692
2.28107,0.748763,-0.0806997
2.29116,0.753989,-0.0813375
2.29838,0.757676,-0.0818781
2.30668,0.761945,-0.0826592
2.31313,0.765341,-0.0834599
2.31941,0.768823,-0.0844708
2.32428,0.771644,-0.0854085
2.32969,0.774792,-0.0865059
2.3337,0.776971,-0.0873079
2.33866,0.779165,-0.0883229
2.3433,0.780518,-0.0892416
2.34771,0.78113,-0.0900789
2.35318,0.781042,-0.0911063
2.35859,0.780219,-0.0920983
2.36451,0.778631,-0.093206
2.3719,0.77582,-0.0946352
2.38706,0.767928,-0.0976157
2.39449,0.763355,-0.0991451
2.40347,0.757429,-0.101081
2.4129,0.750821,-0.103161
2.42394,0.742682,-0.105613
2.43536,0.733903,-0.108147
2.44442,0.726768,-0.110182
2.45757,0.716147,-0.113144
2.46823,0.707393,-0.115499
2.47897,0.698492,-0.117817
2.49113,0.688372,-0.120352
2.52388,0.660629,-0.126702
2.54726,0.640303,-0.130825
2.5819,0.609659,-0.136336
2.6183,0.577,-0.141083
2.63096,0.565608,-0.142452
2.65647,0.542753,-0.144772
2.69373,0.509009,-0.147569
2.70537,0.498492,-0.148327
2.74521,0.462614,-0.150467
2.75566,0.453186,-0.150875
2.79498,0.41786,-0.152132
2.83158,0.384827,-0.152807
2.84535,0.372404,-0.152903
2.89774,0.325055,-0.152584
2.93961,0.286966,-0.152065
2.9814,0.248501,-0.151018
3.02169,0.21141,-0.149648
3.07754,0.159447,-0.147244
3.10377,0.134973,-0.146107
3.12989,0.110856,-0.144873
3.18316,0.0612357,-0.142312
3.21766,0.0285194,-0.140515
3.24583,0.00165218,-0.138904
3.27223,-0.0238082,-0.137456
3.28676,-0.0379299,-0.136709
3.29974,-0.0506215,-0.136047
3.31401,-0.0647179,-0.135291
3.32536,-0.0760312,-0.134679
3.33804,-0.0888223,-0.133976
3.34925,-0.100263,-0.133315
3.36454,-0.116191,-0.132348
3.3742,-0.126487,-0.131704
3.38516,-0.138417,-0.130926
3.39736,-0.152075,-0.129936
3.40678,-0.162889,-0.12907
3.41874,-0.177058,-0.127785
3.42918,-0.189911,-0.126431
3.43813,-0.201391,-0.125094
3.44813,-0.214781,-0.12347
3.46018,-0.231925,-0.121479
3.46829,-0.244135,-0.120229
3.47611,-0.256519,-0.119176
3.48577,-0.272652,-0.118152
3.49389,-0.2872,-0.117459
3.50339,-0.305567,-0.11681
3.51049,-0.320376,-0.116428
3.51638,-0.333421,-0.116185
3.52272,-0.348413,-0.11596
3.52863,-0.363491,-0.115742
3.53533,-0.382466,-0.115383
3.5401,-0.397747,-0.114986
3.54435,-0.413052,-0.114504
3.54847,-0.430261,-0.113886
3.55187,-0.447493,-0.11324
3.55403,-0.460888,-0.112723
3.55635,-0.479945,-0.111977
3.55755,-0.495148,-0.11135
3.5583,-0.512185,-0.110603
3.55838,-0.531082,-0.109707
3.55799,-0.54431,-0.109061
3.55719,-0.559396,-0.108354
3.55549,-0.58002,-0.107428
3.55392,-0.594815,-0.106797
3.55218,-0.609286,-0.106155
3.55019,-0.624972,-0.105308
3.54854,-0.638212,-0.104426
3.54697,-0.652051,-0.103307
3.54598,-0.663279,-0.102293
3.54543,-0.673428,-0.101343
3.5453,-0.682478,-0.100482
3.5456,-0.690456,-0.0997016
3.54625,-0.6974,-0.0989569
3.54732,-0.704137,-0.0980681
3.54883,-0.710409,-0.0969896
3.55002,-0.714183,-0.0961729
3.55166,-0.71843,-0.0950082
3.55319,-0.721808,-0.0938249
3.55453,-0.724575,-0.092686
3.5563,-0.728081,-0.0910334
3.55788,-0.731313,-0.0894728
3.55968,-0.735314,-0.0878114
3.56149,-0.739869,-0.0864436
3.56312,-0.744501,-0.0855433
3.56496,-0.750524,-0.0847887
3.56655,-0.756711,-0.0842092
3.56809,-0.763802,-0.0836249
3.56959,-0.771884,-0.0829652
3.57108,-0.781,-0.0822324
3.57281,-0.792529,-0.0813975
3.5747,-0.805336,-0.0806636
3.5768,-0.819323,-0.0800982
3.57923,-0.834336,-0.0797507
3.58172,-0.848374,-0.0795783
3.58453,-0.862931,-0.0794699
3.5881,-0.87978,-0.0793545
3.59157,-0.895049,-0.0792288
3.59484,-0.908543,-0.0791026
3.59879,-0.924039,-0.0789132
3.60804,-0.957278,-0.0783574
3.61828,-0.990758,-0.0776468
3.62335,-1.0065,-0.0772315
3.64058,-1.05764,-0.0756798
3.64605,-1.07337,-0.0751582
3.66411,-1.12429,-0.073176
3.68333,-1.1769,-0.0706667
3.69403,-1.20612,-0.0692384
3.70113,-1.22566,-0.0683022
3.71323,-1.25902,-0.0666698
3.71965,-1.27669,-0.0658189
3.72534,-1.29243,-0.0650799
3.731,-1.30821,-0.06435
3.73735,-1.32598,-0.0635036
3.74364,-1.34379,-0.0627036
3.75619,-1.37944,-0.0613091
3.76821,-1.4131,-0.0600757
3.78191,-1.45067,-0.0587091
3.80112,-1.50173,-0.0570136
3.82702,-1.56762,-0.0546458
3.83326,-1.58303,-0.0540468
3.84576,-1.61387,-0.0528506
3.85985,-1.64839,-0.0514469
3.86608,-1.66358,-0.0507877
3.87456,-1.68425,-0.0497496
3.89465,-1.73238,-0.0472622
3.90703,-1.76167,-0.045753
3.91394,-1.77802,-0.0448979
3.92845,-1.81235,-0.0429298
3.94304,-1.84672,-0.0408288
3.94919,-1.86127,-0.0399496
3.96228,-1.89242,-0.0381942
3.96925,-1.90906,-0.0373137
3.97624,-1.92596,-0.0364571
3.99034,-1.96005,-0.0346878
3.99747,-1.97734,-0.0337863
4.00466,-1.9949,-0.0328752
4.01192,-2.01272,-0.0319607
4.01926,-2.03076,-0.0310417
4.02752,-2.05102,-0.0299836
4.05652,-2.11988,-0.0264201
4.06267,-2.13404,-0.0256447
4.07863,-2.17049,-0.0235239
4.0858,-2.18672,-0.0225459
4.09479,-2.20709,-0.0213309
4.10199,-2.22339,-0.0203468
4.11007,-2.24172,-0.0192021
4.119,-2.26198,-0.0179569
4.14967,-2.32953,-0.0144257
4.15691,-2.34515,-0.0135828
4.165,-2.36268,-0.0125603
4.17303,-2.38016,-0.0114924
4.18008,-2.39572,-0.0105199
4.18705,-2.41133,-0.00948218
4.20254,-2.44641,-0.00709678
4.22502,-2.49616,-0.00340895
4.23948,-2.52802,-0.000667199
4.24682,-2.54473,0.000947404
4.25388,-2.56138,0.00269082
4.26077,-2.57797,0.004544
4.26681,-2.59266,0.00628281
4.27284,-2.60735,0.00812876
4.2797,-2.62384,0.0102905
4.2875,-2.64216,0.0127471
4.29395,-2.65681,0.0146738
4.30057,-2.67154,0.0165456
4.30823,-2.68816,0.0186036
4.31611,-2.70484,0.0205735
4.32327,-2.71975,0.0222271
4.33244,-2.73851,0.0241932
4.34092,-2.75545,0.02587
4.34868,-2.77061,0.0272916
4.36483,-2.80095,0.0301173
4.37327,-2.81615,0.0314814
4.38314,-2.83344,0.0329738
4.39342,-2.85088,0.0343977
4.40295,-2.86653,0.0355786
4.41535,-2.88622,0.0369679
4.42699,-2.90394,0.0381857
4.43765,-2.91973,0.0392302
4.45002,-2.93753,0.0403746
4.46422,-2.95722,0.0416762
4.47737,-2.97482,0.0428776
4.49085,-2.99223,0.0441035
4.50314,-3.00753,0.0453011
4.5173,-3.0245,0.0467866
4.53186,-3.04119,0.0484028
4.54681,-3.05751,0.0500763
4.56389,-3.07514,0.0517494
4.57965,-3.0905,0.0529309
4.59756,-3.10696,0.0538434
4.61216,-3.11966,0.0543504
4.62699,-3.13192,0.0547408
4.64581,-3.14654,0.0551596
4.65918,-3.15627,0.0554284
4.6766,-3.16809,0.0557267
4.69424,-3.17906,0.055945
4.71413,-3.19023,0.0560437
4.73023,-3.19838,0.0559951
4.74652,-3.20588,0.0557926
4.763,-3.21274,0.0554605
4.7839,-3.22033,0.0550564
4.803,-3.22613,0.0548336
4.82017,-3.23045,0.0547634
4.83965,-3.23427,0.0547031
4.85921,-3.23697,0.0545742
4.88091,-3.23869,0.0542606
4.89817,-3.23917,0.0539249
4.91958,-3.23875,0.053447
4.93657,-3.23772,0.053043
4.95971,-3.23536,0.0524535
4.97845,-3.23272,0.0519345
4.99493,-3.22993,0.0514576
5.02541,-3.22347,0.0505925
5.06148,-3.21362,0.049358
5.08123,-3.20729,0.0485444
5.09684,-3.202,0.0478585
5.11799,-3.19443,0.0468489
5.13307,-3.18877,0.0460479
5.14964,-3.18238,0.0450675
5.16384,-3.17686,0.0441437
5.17904,-3.17094,0.0431278
5.19323,-3.16546,0.0421738
5.20486,-3.16107,0.0413519
5.21672,-3.15677,0.0403474
5.2273,-3.15317,0.0392296
5.23668,-3.1503,0.0379954
5.24411,-3.14834,0.0368167
5.25156,-3.14673,0.0354746
5.25819,-3.14572,0.0341451
5.26356,-3.14526,0.03297
5.27028,-3.14516,0.0313877
5.27427,-3.14537,0.0304028
5.28353,-3.14649,0.0277885
5.28772,-3.14728,0.0264371
5.30148,-3.15058,0.0214337
5.30447,-3.15141,0.020219
5.3073,-3.15243,0.0189894
5.31429,-3.15541,0.0154853
5.31834,-3.15737,0.0130283
5.32013,-3.15844,0.0118335
5.3228,-3.16044,0.00984904
5.32698,-3.16386,0.00632351
5.33045,-3.1667,0.00297046
5.33359,-3.1691,-0.000848964
5.3353,-3.17037,-0.00353061
5.33673,-3.17127,-0.00591054
5.33803,-3.17196,-0.0090068
5.33859,-3.17198,-0.0114123
5.33864,-3.17128,-0.0147753
5.33869,-3.17103,-0.01567
5.33894,-3.1709,-0.0165229
5.3395,-3.17082,-0.0173576
5.34029,-3.17081,-0.017964
5.34171,-3.17085,-0.0186307
5.34359,-3.17083,-0.0192288
5.34651,-3.17067,-0.0199324
5.35044,-3.17024,-0.0206754
5.3543,-3.16963,-0.0212215
5.36045,-3.16838,-0.0219287
5.368,-3.16651,-0.022672
5.37698,-3.1639,-0.0234651
5.38622,-3.1609,-0.0242643
5.39662,-3.15722,-0.0251819
5.40813,-3.15285,-0.0262343
5.42226,-3.14709,-0.0275679
5.43574,-3.14127,-0.0288361
5.45358,-3.13314,-0.0304251
5.46656,-3.12694,-0.0315344
5.48366,-3.11843,-0.0329669
5.50111,-3.10937,-0.0343729
5.51679,-3.1009,-0.0356127
5.53254,-3.09204,-0.0368736
5.55628,-3.07824,-0.0387845
5.57215,-3.06873,-0.0400787
5.592,-3.05659,-0.0417102
5.60989,-3.04547,-0.0431862
5.62384,-3.03675,-0.0443876
5.64381,-3.02423,-0.046159
5.66388,-3.01165,-0.0479466
5.67999,-3.00159,-0.0494036
5.71431,-2.98026,-0.0525484
5.73249,-2.96909,-0.0541788
5.75072,-2.95807,-0.0557924
5.76699,-2.94843,-0.0571737
5.78736,-2.93661,-0.0588535
5.80573,-2.92619,-0.0602797
5.83628,-2.90924,-0.0625165
5.87483,-2.88831,-0.0654954
5.8971,-2.87645,-0.0671591
5.91327,-2.86801,-0.0682858
5.93144,-2.85872,-0.0694434
5.94761,-2.85066,-0.0703808
5.96378,-2.84281,-0.0712529
5.97994,-2.83516,-0.0720348
5.99608,-2.82768,-0.0727545
6.01425,-2.8195,-0.0734855
6.03043,-2.81244,-0.0740114
6.04668,-2.80565,-0.0744482
6.06504,-2.79831,-0.0747929
6.08351,-2.79128,-0.0750013
6.1021,-2.78465,-0.0750571
6.12294,-2.77777,-0.074888
6.13764,-2.7733,-0.0745904
6.15664,-2.76798,-0.0740734
6.17574,-2.76319,-0.0736161
6.19275,-2.75941,-0.0734684
6.21395,-2.75527,-0.073737
6.2308,-2.75241,-0.0742867
6.25152,-2.74938,-0.0752762
6.26959,-2.74712,-0.0762886
6.28871,-2.74512,-0.0774375
6.30477,-2.74376,-0.078476
6.31793,-2.74286,-0.0793834
6.32994,-2.74222,-0.0803052
6.34085,-2.74179,-0.0812811
6.35067,-2.74157,-0.0823337
6.35952,-2.74158,-0.0834278
6.36856,-2.7419,-0.0846829
6.37604,-2.74249,-0.0857081
6.38506,-2.74387,-0.0867898
6.3924,-2.7456,-0.0873888
6.39915,-2.74765,-0.0877537
6.40851,-2.75113,-0.088109
6.41759,-2.75511,-0.0885359
6.42618,-2.75929,-0.0890421
6.4381,-2.76559,-0.0899043
6.45086,-2.77293,-0.0909291
6.4643,-2.7812,-0.0919697
6.47979,-2.79133,-0.0931078
6.48926,-2.79776,-0.0937574
6.50198,-2.80661,-0.0946091
6.51637,-2.81691,-0.0955095
6.53073,-2.82756,-0.0963555
6.54346,-2.83721,-0.0970705
6.56874,-2.85701,-0.0983876
6.58281,-2.86836,-0.0990351
6.59522,-2.87845,-0.0995519
6.61059,-2.89102,-0.100063
6.62123,-2.89977,-0.100348
6.63474,-2.91095,-0.100645
6.64809,-2.92216,-0.100879
6.65984,-2.93211,-0.10107
6.67292,-2.94332,-0.101215
6.68586,-2.95462,-0.101314
6.6973,-2.96474,-0.101359
6.70724,-2.9737,-0.101372
6.71989,-2.98539,-0.101338
6.73236,-2.99727,-0.101163
6.74188,-3.00667,-0.100991
6.75385,-3.01892,-0.100777
6.76423,-3.03001,-0.100655
6.77432,-3.04131,-0.100611
6.7841,-3.05279,-0.100678
6.79479,-3.06594,-0.100842
6.80516,-3.07932,-0.101054
6.81523,-3.09294,-0.101253
6.82501,-3.10676,-0.101421
6.83452,-3.12078,-0.10158
6.84275,-3.1334,-0.101662
6.85176,-3.14776,-0.101668
6.86792,-3.17559,-0.101516
6.87377,-3.18787,-0.101695
6.87747,-3.20123,-0.102332
6.87713,-3.21044,-0.102671
6.87483,-3.22042,-0.101962
6.87265,-3.23132,-0.0998328
6.8714,-3.24204,-0.09733
6.87106,-3.25671,-0.094571
6.87206,-3.27097,-0.0931433
6.87432,-3.2861,-0.0928586
6.87734,-3.30017,-0.0931892
6.8818,-3.31658,-0.0936849
6.88719,-3.33356,-0.0939816
6.89257,-3.34901,-0.0939515
6.89835,-3.36474,-0.0936809
6.90367,-3.37866,-0.0933281
6.90991,-3.39475,-0.09289
6.91703,-3.41304,-0.0924248
6.92337,-3.42939,-0.0920944
6.92966,-3.44579,-0.091866
6.93665,-3.46429,-0.0916555
6.94276,-3.48075,-0.0915014
6.94951,-3.49921,-0.0913452
6.95617,-3.51765,-0.0912257
6.96128,-3.53192,-0.0911683
6.96707,-3.54811,-0.0911488
6.97282,-3.56421,-0.0911302
6.98472,-3.5984,-0.0911225
6.99609,-3.63277,-0.0911885
7.0006,-3.64688,-0.0911788
7.01119,-3.68099,-0.0910742
7.02231,-3.71937,-0.0906794
7.02679,-3.73547,-0.0904652
7.03643,-3.77164,-0.0899103
7.04534,-3.80811,-0.0893063
7.04858,-3.82227,-0.0890943
7.05248,-3.84034,-0.0888028
7.05614,-3.85833,-0.0885115
7.06574,-3.91074,-0.0874606
7.07206,-3.94964,-0.0863948
7.07676,-3.98061,-0.085453
7.08204,-4.01795,-0.0842802
7.08882,-4.07046,-0.0825483
7.09459,-4.11947,-0.0810511
7.10195,-4.1912,-0.0787378
7.10855,-4.26015,-0.0762514
7.11029,-4.27807,-0.0755582
7.11234,-4.29817,-0.0747567
7.11448,-4.31823,-0.0739114
7.11668,-4.33822,-0.0730295
7.1187,-4.35594,-0.072208
7.12342,-4.3959,-0.0703853
7.12557,-4.4137,-0.0695577
7.12779,-4.43147,-0.0686836
7.13285,-4.47164,-0.0665698
7.1351,-4.48956,-0.065609
7.13735,-4.50746,-0.0646297
7.13958,-4.52528,-0.0636681
7.14179,-4.54306,-0.0627098
7.14448,-4.56523,-0.0615259
7.14629,-4.58073,-0.0606867
7.1488,-4.60282,-0.059479
7.15049,-4.61827,-0.0586283
7.15233,-4.63589,-0.05764
7.15408,-4.65348,-0.0566373
7.15599,-4.67328,-0.0554263
7.15783,-4.69308,-0.0540984
7.1595,-4.71068,-0.052795
7.16163,-4.73275,-0.0510679
7.16321,-4.74824,-0.049784
7.16539,-4.76817,-0.0479984
7.16755,-4.7859,-0.0462956
7.17025,-4.80584,-0.0441962
7.17364,-4.828,-0.0416133
7.17671,-4.8457,-0.0395113
7.18016,-4.86332,-0.0375168
7.18395,-4.88086,-0.0357659
7.18762,-4.89609,-0.0344397
7.19224,-4.91334,-0.0331214
7.19802,-4.93251,-0.0318215
7.20446,-4.95141,-0.0306377
7.21074,-4.96795,-0.0296302
7.21764,-4.9842,-0.0286046
7.22519,-5.00013,-0.0275199
7.23342,-5.0157,-0.0263436
7.24353,-5.03276,-0.0249663
7.25331,-5.04743,-0.0237182
7.26387,-5.06156,-0.0224472
7.27519,-5.07508,-0.0211172
7.29031,-5.091,-0.0193723
7.3015,-5.10143,-0.018092
7.31495,-5.1125,-0.0165417
7.33254,-5.12509,-0.0145303
7.34905,-5.13524,-0.0126876
7.36609,-5.14431,-0.0107869
7.38165,-5.15147,-0.00902903
7.39957,-5.15855,-0.00698075
7.41779,-5.16468,-0.00488871
7.43619,-5.16981,-0.00274897
7.4547,-5.17395,-0.000505888
7.47325,-5.17707,0.00178533
7.49376,-5.17941,0.00431374
7.51205,-5.18054,0.00650353
7.53007,-5.18073,0.00859183
7.56518,-5.17884,0.0125684
7.58027,-5.17719,0.0142646
7.59494,-5.17505,0.0159204
7.6091,-5.17249,0.0175336
7.62773,-5.16851,0.0196382
7.66578,-5.15861,0.0238834
7.67747,-5.15511,0.0251375
7.70027,-5.14743,0.027487
7.71092,-5.14404,0.0284515
7.71968,-5.1479,0.0283437
7.72478,-5.15313,0.0284056
7.72961,-5.15795,0.0288105
7.73526,-5.16212,0.0302592
7.73968,-5.16504,0.0310532
7.74331,-5.16758,0.0317554
7.74636,-5.16899,0.0345186
7.74933,-5.16938,0.0394067
7.7519,-5.16908,0.0435965
7.75464,-5.16793,0.0468296
7.75714,-5.1662,0.0480919
7.75898,-5.16405,0.04787
7.76086,-5.16131,0.0467787
7.7622,-5.15893,0.0457066
7.76151,-5.15692,0.0441032
7.75982,-5.15607,0.0407718
7.75857,-5.15687,0.0386865
7.75695,-5.15723,0.0370129
7.7549,-5.15724,0.0344034
7.75294,-5.15679,0.031515
7.75101,-5.15605,0.0284939
7.74896,-5.15533,0.0251749
7.7471,-5.15479,0.0223049
7.74524,-5.15494,0.0193373
7.74388,-5.15595,0.0168892
7.74256,-5.15801,0.0144327
7.74107,-5.16043,0.0123029
7.74052,-5.16376,0.0108813
7.73976,-5.16684,0.00946975
7.73894,-5.17041,0.0079304
7.73817,-5.17348,0.00652695
7.73735,-5.17626,0.00513105
7.73648,-5.17893,0.00385075
7.7357,-5.18212,0.00248627
7.73553,-5.18544,0.00134527
7.73551,-5.18874,0.000508711
7.73461,-5.19132,-0.000508522
7.73372,-5.1932,-0.00142499
7.73298,-5.1946,-0.00211531
7.73277,-5.19691,-0.002537
7.73269,-5.19921,-0.00293774
7.73247,-5.20083,-0.00353069
7.73204,-5.20207,-0.00437746
7.73139,-5.20308,-0.00466403
7.73155,-5.20434,-0.00465571
7.73186,-5.20551,-0.00473816
7.7321,-5.20648,-0.0048923
7.73181,-5.20693,-0.00536017
7.7318,-5.20735,-0.00580059
7.7314,-5.20774,-0.00678095
7.73096,-5.20777,-0.00827716
7.72936,-5.20889,-0.0118484
7.72734,-5.21126,-0.0141314
7.72438,-5.21528,-0.0173189
7.72205,-5.21973,-0.0192377
7.71956,-5.22367,-0.0199883
7.71891,-5.22505,-0.0204101
7.71882,-5.22648,-0.0208531
7.71976,-5.22685,-0.020231
7.72136,-5.22821,-0.0186875
7.72298,-5.23038,-0.0185365
7.72421,-5.23173,-0.0181304
7.72553,-5.23268,-0.0180191
7.72507,-5.2336,-0.0204352
7.72651,-5.23348,-0.0195426
7.72741,-5.23359,-0.0188527
7.73203,-5.2325,-0.0146169
7.73445,-5.23282,-0.0128741
7.73462,-5.23235,-0.0127422
7.73494,-5.23204,-0.01275
7.73835,-5.22991,-0.00924302
7.73914,-5.22918,-0.00789033
7.74005,-5.22892,-0.00652672
7.74117,-5.22905,-0.00507384
7.74336,-5.22896,-0.00284409
7.74531,-5.22883,-0.0012871
7.74589,-5.22836,-0.000731508
7.74797,-5.22793,0.00147304
7.74692,-5.22684,0.0019206
7.74697,-5.22527,0.00373393
7.74449,-5.2227,0.00415018
7.74279,-5.22035,0.00519291
7.74164,-5.21751,0.00682347
7.74077,-5.21398,0.00871866
7.74023,-5.2111,0.0106066
7.7394,-5.20828,0.012706
7.73732,-5.20421,0.01524
7.73414,-5.1995,0.01746
7.73029,-5.19452,0.0192597
7.72473,-5.18785,0.0210567
7.71809,-5.18022,0.022584
7.71058,-5.17174,0.0239548
7.70143,-5.16128,0.0254927
7.69407,-5.15253,0.0267526
7.68562,-5.14187,0.0283228
7.67737,-5.13055,0.030055
7.66862,-5.11709,0.0321653
7.66237,-5.10612,0.0338486
7.65521,-5.09142,0.0359997
7.64982,-5.07776,0.0378192
7.6455,-5.0636,0.0394537
7.64234,-5.04902,0.0409157
7.64019,-5.03228,0.0423733
7.6396,-5.0154,0.0437201
7.64025,-5.00238,0.0447274
7.64246,-4.98606,0.0460437
7.64617,-4.97051,0.047409
7.64922,-4.96058,0.0482433
7.65326,-4.95118,0.049102
7.65777,-4.94392,0.050059
7.66266,-4.93897,0.0516435
7.66938,-4.93507,0.0540437
7.67434,-4.93465,0.0561792
7.68206,-4.93527,0.0592834
7.68824,-4.93776,0.0621729
7.69366,-4.94186,0.065323
7.69722,-4.94598,0.0678917
7.70178,-4.9543,0.0712139
7.70566,-4.96296,0.0736575
7.71203,-4.97227,0.0769666
7.72157,-4.98187,0.0815273
7.73238,-4.99271,0.0862268
7.74486,-5.00358,0.0904778
7.75721,-5.01341,0.0943646
7.7497,-5.01126,0.093423
7.74256,-5.00965,0.0928988
7.73807,-5.00815,0.0938398
7.73569,-5.00686,0.0956766
7.73441,-5.00562,0.0977273
7.73297,-5.00413,0.099304
7.73199,-5.00305,0.100288
7.73112,-5.00233,0.101533
7.73048,-5.0022,0.102736
7.72991,-5.00259,0.104075
7.72944,-5.00359,0.105252
7.72906,-5.00518,0.106051
7.72872,-5.00697,0.106422
7.72844,-5.00906,0.106367
7.72808,-5.01157,0.105796
7.72774,-5.01392,0.104772
7.72731,-5.01628,0.103225
7.72679,-5.01865,0.101122
7.72618,-5.02114,0.0983946
7.72529,-5.02429,0.0947751
7.72439,-5.02887,0.0908374
